path,emotion
Ravdess_Augmented\0.wav,Angry
Ravdess_Augmented\1.wav,Angry
Ravdess_Augmented\2.wav,Angry
Ravdess_Augmented\3.wav,Angry
Ravdess_Augmented\4.wav,Fearful
Ravdess_Augmented\5.wav,Fearful
Ravdess_Augmented\6.wav,Fearful
Ravdess_Augmented\7.wav,Fearful
Ravdess_Augmented\8.wav,Sad
Ravdess_Augmented\9.wav,Sad
Ravdess_Augmented\10.wav,Sad
Ravdess_Augmented\11.wav,Sad
Ravdess_Augmented\12.wav,Angry
Ravdess_Augmented\13.wav,Angry
Ravdess_Augmented\14.wav,Angry
Ravdess_Augmented\15.wav,Angry
Ravdess_Augmented\16.wav,Neutral
Ravdess_Augmented\17.wav,Neutral
Ravdess_Augmented\18.wav,Neutral
Ravdess_Augmented\19.wav,Neutral
Ravdess_Augmented\20.wav,Disgust
Ravdess_Augmented\21.wav,Disgust
Ravdess_Augmented\22.wav,Disgust
Ravdess_Augmented\23.wav,Disgust
Ravdess_Augmented\24.wav,Fearful
Ravdess_Augmented\25.wav,Fearful
Ravdess_Augmented\26.wav,Fearful
Ravdess_Augmented\27.wav,Fearful
Ravdess_Augmented\28.wav,Fearful
Ravdess_Augmented\29.wav,Fearful
Ravdess_Augmented\30.wav,Fearful
Ravdess_Augmented\31.wav,Fearful
Ravdess_Augmented\32.wav,Calm
Ravdess_Augmented\33.wav,Calm
Ravdess_Augmented\34.wav,Calm
Ravdess_Augmented\35.wav,Calm
Ravdess_Augmented\36.wav,Angry
Ravdess_Augmented\37.wav,Angry
Ravdess_Augmented\38.wav,Angry
Ravdess_Augmented\39.wav,Angry
Ravdess_Augmented\40.wav,Calm
Ravdess_Augmented\41.wav,Calm
Ravdess_Augmented\42.wav,Calm
Ravdess_Augmented\43.wav,Calm
Ravdess_Augmented\44.wav,Fearful
Ravdess_Augmented\45.wav,Fearful
Ravdess_Augmented\46.wav,Fearful
Ravdess_Augmented\47.wav,Fearful
Ravdess_Augmented\48.wav,Disgust
Ravdess_Augmented\49.wav,Disgust
Ravdess_Augmented\50.wav,Disgust
Ravdess_Augmented\51.wav,Disgust
Ravdess_Augmented\52.wav,Calm
Ravdess_Augmented\53.wav,Calm
Ravdess_Augmented\54.wav,Calm
Ravdess_Augmented\55.wav,Calm
Ravdess_Augmented\56.wav,Happy
Ravdess_Augmented\57.wav,Happy
Ravdess_Augmented\58.wav,Happy
Ravdess_Augmented\59.wav,Happy
Ravdess_Augmented\60.wav,Fearful
Ravdess_Augmented\61.wav,Fearful
Ravdess_Augmented\62.wav,Fearful
Ravdess_Augmented\63.wav,Fearful
Ravdess_Augmented\64.wav,Disgust
Ravdess_Augmented\65.wav,Disgust
Ravdess_Augmented\66.wav,Disgust
Ravdess_Augmented\67.wav,Disgust
Ravdess_Augmented\68.wav,Disgust
Ravdess_Augmented\69.wav,Disgust
Ravdess_Augmented\70.wav,Disgust
Ravdess_Augmented\71.wav,Disgust
Ravdess_Augmented\72.wav,Surprised
Ravdess_Augmented\73.wav,Surprised
Ravdess_Augmented\74.wav,Surprised
Ravdess_Augmented\75.wav,Surprised
Ravdess_Augmented\76.wav,Fearful
Ravdess_Augmented\77.wav,Fearful
Ravdess_Augmented\78.wav,Fearful
Ravdess_Augmented\79.wav,Fearful
Ravdess_Augmented\80.wav,Happy
Ravdess_Augmented\81.wav,Happy
Ravdess_Augmented\82.wav,Happy
Ravdess_Augmented\83.wav,Happy
Ravdess_Augmented\84.wav,Surprised
Ravdess_Augmented\85.wav,Surprised
Ravdess_Augmented\86.wav,Surprised
Ravdess_Augmented\87.wav,Surprised
Ravdess_Augmented\88.wav,Fearful
Ravdess_Augmented\89.wav,Fearful
Ravdess_Augmented\90.wav,Fearful
Ravdess_Augmented\91.wav,Fearful
Ravdess_Augmented\92.wav,Happy
Ravdess_Augmented\93.wav,Happy
Ravdess_Augmented\94.wav,Happy
Ravdess_Augmented\95.wav,Happy
Ravdess_Augmented\96.wav,Surprised
Ravdess_Augmented\97.wav,Surprised
Ravdess_Augmented\98.wav,Surprised
Ravdess_Augmented\99.wav,Surprised
Ravdess_Augmented\100.wav,Fearful
Ravdess_Augmented\101.wav,Fearful
Ravdess_Augmented\102.wav,Fearful
Ravdess_Augmented\103.wav,Fearful
Ravdess_Augmented\104.wav,Fearful
Ravdess_Augmented\105.wav,Fearful
Ravdess_Augmented\106.wav,Fearful
Ravdess_Augmented\107.wav,Fearful
Ravdess_Augmented\108.wav,Sad
Ravdess_Augmented\109.wav,Sad
Ravdess_Augmented\110.wav,Sad
Ravdess_Augmented\111.wav,Sad
Ravdess_Augmented\112.wav,Angry
Ravdess_Augmented\113.wav,Angry
Ravdess_Augmented\114.wav,Angry
Ravdess_Augmented\115.wav,Angry
Ravdess_Augmented\116.wav,Neutral
Ravdess_Augmented\117.wav,Neutral
Ravdess_Augmented\118.wav,Neutral
Ravdess_Augmented\119.wav,Neutral
Ravdess_Augmented\120.wav,Surprised
Ravdess_Augmented\121.wav,Surprised
Ravdess_Augmented\122.wav,Surprised
Ravdess_Augmented\123.wav,Surprised
Ravdess_Augmented\124.wav,Surprised
Ravdess_Augmented\125.wav,Surprised
Ravdess_Augmented\126.wav,Surprised
Ravdess_Augmented\127.wav,Surprised
Ravdess_Augmented\128.wav,Happy
Ravdess_Augmented\129.wav,Happy
Ravdess_Augmented\130.wav,Happy
Ravdess_Augmented\131.wav,Happy
Ravdess_Augmented\132.wav,Surprised
Ravdess_Augmented\133.wav,Surprised
Ravdess_Augmented\134.wav,Surprised
Ravdess_Augmented\135.wav,Surprised
Ravdess_Augmented\136.wav,Sad
Ravdess_Augmented\137.wav,Sad
Ravdess_Augmented\138.wav,Sad
Ravdess_Augmented\139.wav,Sad
Ravdess_Augmented\140.wav,Fearful
Ravdess_Augmented\141.wav,Fearful
Ravdess_Augmented\142.wav,Fearful
Ravdess_Augmented\143.wav,Fearful
Ravdess_Augmented\144.wav,Happy
Ravdess_Augmented\145.wav,Happy
Ravdess_Augmented\146.wav,Happy
Ravdess_Augmented\147.wav,Happy
Ravdess_Augmented\148.wav,Angry
Ravdess_Augmented\149.wav,Angry
Ravdess_Augmented\150.wav,Angry
Ravdess_Augmented\151.wav,Angry
Ravdess_Augmented\152.wav,Calm
Ravdess_Augmented\153.wav,Calm
Ravdess_Augmented\154.wav,Calm
Ravdess_Augmented\155.wav,Calm
Ravdess_Augmented\156.wav,Sad
Ravdess_Augmented\157.wav,Sad
Ravdess_Augmented\158.wav,Sad
Ravdess_Augmented\159.wav,Sad
Ravdess_Augmented\160.wav,Fearful
Ravdess_Augmented\161.wav,Fearful
Ravdess_Augmented\162.wav,Fearful
Ravdess_Augmented\163.wav,Fearful
Ravdess_Augmented\164.wav,Surprised
Ravdess_Augmented\165.wav,Surprised
Ravdess_Augmented\166.wav,Surprised
Ravdess_Augmented\167.wav,Surprised
Ravdess_Augmented\168.wav,Neutral
Ravdess_Augmented\169.wav,Neutral
Ravdess_Augmented\170.wav,Neutral
Ravdess_Augmented\171.wav,Neutral
Ravdess_Augmented\172.wav,Happy
Ravdess_Augmented\173.wav,Happy
Ravdess_Augmented\174.wav,Happy
Ravdess_Augmented\175.wav,Happy
Ravdess_Augmented\176.wav,Sad
Ravdess_Augmented\177.wav,Sad
Ravdess_Augmented\178.wav,Sad
Ravdess_Augmented\179.wav,Sad
Ravdess_Augmented\180.wav,Angry
Ravdess_Augmented\181.wav,Angry
Ravdess_Augmented\182.wav,Angry
Ravdess_Augmented\183.wav,Angry
Ravdess_Augmented\184.wav,Happy
Ravdess_Augmented\185.wav,Happy
Ravdess_Augmented\186.wav,Happy
Ravdess_Augmented\187.wav,Happy
Ravdess_Augmented\188.wav,Angry
Ravdess_Augmented\189.wav,Angry
Ravdess_Augmented\190.wav,Angry
Ravdess_Augmented\191.wav,Angry
Ravdess_Augmented\192.wav,Fearful
Ravdess_Augmented\193.wav,Fearful
Ravdess_Augmented\194.wav,Fearful
Ravdess_Augmented\195.wav,Fearful
Ravdess_Augmented\196.wav,Surprised
Ravdess_Augmented\197.wav,Surprised
Ravdess_Augmented\198.wav,Surprised
Ravdess_Augmented\199.wav,Surprised
Ravdess_Augmented\200.wav,Neutral
Ravdess_Augmented\201.wav,Neutral
Ravdess_Augmented\202.wav,Neutral
Ravdess_Augmented\203.wav,Neutral
Ravdess_Augmented\204.wav,Neutral
Ravdess_Augmented\205.wav,Neutral
Ravdess_Augmented\206.wav,Neutral
Ravdess_Augmented\207.wav,Neutral
Ravdess_Augmented\208.wav,Fearful
Ravdess_Augmented\209.wav,Fearful
Ravdess_Augmented\210.wav,Fearful
Ravdess_Augmented\211.wav,Fearful
Ravdess_Augmented\212.wav,Sad
Ravdess_Augmented\213.wav,Sad
Ravdess_Augmented\214.wav,Sad
Ravdess_Augmented\215.wav,Sad
Ravdess_Augmented\216.wav,Neutral
Ravdess_Augmented\217.wav,Neutral
Ravdess_Augmented\218.wav,Neutral
Ravdess_Augmented\219.wav,Neutral
Ravdess_Augmented\220.wav,Happy
Ravdess_Augmented\221.wav,Happy
Ravdess_Augmented\222.wav,Happy
Ravdess_Augmented\223.wav,Happy
Ravdess_Augmented\224.wav,Surprised
Ravdess_Augmented\225.wav,Surprised
Ravdess_Augmented\226.wav,Surprised
Ravdess_Augmented\227.wav,Surprised
Ravdess_Augmented\228.wav,Happy
Ravdess_Augmented\229.wav,Happy
Ravdess_Augmented\230.wav,Happy
Ravdess_Augmented\231.wav,Happy
Ravdess_Augmented\232.wav,Calm
Ravdess_Augmented\233.wav,Calm
Ravdess_Augmented\234.wav,Calm
Ravdess_Augmented\235.wav,Calm
Ravdess_Augmented\236.wav,Surprised
Ravdess_Augmented\237.wav,Surprised
Ravdess_Augmented\238.wav,Surprised
Ravdess_Augmented\239.wav,Surprised
Ravdess_Augmented\240.wav,Happy
Ravdess_Augmented\241.wav,Happy
Ravdess_Augmented\242.wav,Happy
Ravdess_Augmented\243.wav,Happy
Ravdess_Augmented\244.wav,Surprised
Ravdess_Augmented\245.wav,Surprised
Ravdess_Augmented\246.wav,Surprised
Ravdess_Augmented\247.wav,Surprised
Ravdess_Augmented\248.wav,Surprised
Ravdess_Augmented\249.wav,Surprised
Ravdess_Augmented\250.wav,Surprised
Ravdess_Augmented\251.wav,Surprised
Ravdess_Augmented\252.wav,Calm
Ravdess_Augmented\253.wav,Calm
Ravdess_Augmented\254.wav,Calm
Ravdess_Augmented\255.wav,Calm
Ravdess_Augmented\256.wav,Angry
Ravdess_Augmented\257.wav,Angry
Ravdess_Augmented\258.wav,Angry
Ravdess_Augmented\259.wav,Angry
Ravdess_Augmented\260.wav,Angry
Ravdess_Augmented\261.wav,Angry
Ravdess_Augmented\262.wav,Angry
Ravdess_Augmented\263.wav,Angry
Ravdess_Augmented\264.wav,Calm
Ravdess_Augmented\265.wav,Calm
Ravdess_Augmented\266.wav,Calm
Ravdess_Augmented\267.wav,Calm
Ravdess_Augmented\268.wav,Surprised
Ravdess_Augmented\269.wav,Surprised
Ravdess_Augmented\270.wav,Surprised
Ravdess_Augmented\271.wav,Surprised
Ravdess_Augmented\272.wav,Calm
Ravdess_Augmented\273.wav,Calm
Ravdess_Augmented\274.wav,Calm
Ravdess_Augmented\275.wav,Calm
Ravdess_Augmented\276.wav,Happy
Ravdess_Augmented\277.wav,Happy
Ravdess_Augmented\278.wav,Happy
Ravdess_Augmented\279.wav,Happy
Ravdess_Augmented\280.wav,Disgust
Ravdess_Augmented\281.wav,Disgust
Ravdess_Augmented\282.wav,Disgust
Ravdess_Augmented\283.wav,Disgust
Ravdess_Augmented\284.wav,Fearful
Ravdess_Augmented\285.wav,Fearful
Ravdess_Augmented\286.wav,Fearful
Ravdess_Augmented\287.wav,Fearful
Ravdess_Augmented\288.wav,Angry
Ravdess_Augmented\289.wav,Angry
Ravdess_Augmented\290.wav,Angry
Ravdess_Augmented\291.wav,Angry
Ravdess_Augmented\292.wav,Angry
Ravdess_Augmented\293.wav,Angry
Ravdess_Augmented\294.wav,Angry
Ravdess_Augmented\295.wav,Angry
Ravdess_Augmented\296.wav,Surprised
Ravdess_Augmented\297.wav,Surprised
Ravdess_Augmented\298.wav,Surprised
Ravdess_Augmented\299.wav,Surprised
Ravdess_Augmented\300.wav,Fearful
Ravdess_Augmented\301.wav,Fearful
Ravdess_Augmented\302.wav,Fearful
Ravdess_Augmented\303.wav,Fearful
Ravdess_Augmented\304.wav,Surprised
Ravdess_Augmented\305.wav,Surprised
Ravdess_Augmented\306.wav,Surprised
Ravdess_Augmented\307.wav,Surprised
Ravdess_Augmented\308.wav,Angry
Ravdess_Augmented\309.wav,Angry
Ravdess_Augmented\310.wav,Angry
Ravdess_Augmented\311.wav,Angry
Ravdess_Augmented\312.wav,Angry
Ravdess_Augmented\313.wav,Angry
Ravdess_Augmented\314.wav,Angry
Ravdess_Augmented\315.wav,Angry
Ravdess_Augmented\316.wav,Happy
Ravdess_Augmented\317.wav,Happy
Ravdess_Augmented\318.wav,Happy
Ravdess_Augmented\319.wav,Happy
Ravdess_Augmented\320.wav,Happy
Ravdess_Augmented\321.wav,Happy
Ravdess_Augmented\322.wav,Happy
Ravdess_Augmented\323.wav,Happy
Ravdess_Augmented\324.wav,Calm
Ravdess_Augmented\325.wav,Calm
Ravdess_Augmented\326.wav,Calm
Ravdess_Augmented\327.wav,Calm
Ravdess_Augmented\328.wav,Disgust
Ravdess_Augmented\329.wav,Disgust
Ravdess_Augmented\330.wav,Disgust
Ravdess_Augmented\331.wav,Disgust
Ravdess_Augmented\332.wav,Angry
Ravdess_Augmented\333.wav,Angry
Ravdess_Augmented\334.wav,Angry
Ravdess_Augmented\335.wav,Angry
Ravdess_Augmented\336.wav,Fearful
Ravdess_Augmented\337.wav,Fearful
Ravdess_Augmented\338.wav,Fearful
Ravdess_Augmented\339.wav,Fearful
Ravdess_Augmented\340.wav,Surprised
Ravdess_Augmented\341.wav,Surprised
Ravdess_Augmented\342.wav,Surprised
Ravdess_Augmented\343.wav,Surprised
Ravdess_Augmented\344.wav,Calm
Ravdess_Augmented\345.wav,Calm
Ravdess_Augmented\346.wav,Calm
Ravdess_Augmented\347.wav,Calm
Ravdess_Augmented\348.wav,Angry
Ravdess_Augmented\349.wav,Angry
Ravdess_Augmented\350.wav,Angry
Ravdess_Augmented\351.wav,Angry
Ravdess_Augmented\352.wav,Disgust
Ravdess_Augmented\353.wav,Disgust
Ravdess_Augmented\354.wav,Disgust
Ravdess_Augmented\355.wav,Disgust
Ravdess_Augmented\356.wav,Disgust
Ravdess_Augmented\357.wav,Disgust
Ravdess_Augmented\358.wav,Disgust
Ravdess_Augmented\359.wav,Disgust
Ravdess_Augmented\360.wav,Fearful
Ravdess_Augmented\361.wav,Fearful
Ravdess_Augmented\362.wav,Fearful
Ravdess_Augmented\363.wav,Fearful
Ravdess_Augmented\364.wav,Angry
Ravdess_Augmented\365.wav,Angry
Ravdess_Augmented\366.wav,Angry
Ravdess_Augmented\367.wav,Angry
Ravdess_Augmented\368.wav,Happy
Ravdess_Augmented\369.wav,Happy
Ravdess_Augmented\370.wav,Happy
Ravdess_Augmented\371.wav,Happy
Ravdess_Augmented\372.wav,Surprised
Ravdess_Augmented\373.wav,Surprised
Ravdess_Augmented\374.wav,Surprised
Ravdess_Augmented\375.wav,Surprised
Ravdess_Augmented\376.wav,Happy
Ravdess_Augmented\377.wav,Happy
Ravdess_Augmented\378.wav,Happy
Ravdess_Augmented\379.wav,Happy
Ravdess_Augmented\380.wav,Angry
Ravdess_Augmented\381.wav,Angry
Ravdess_Augmented\382.wav,Angry
Ravdess_Augmented\383.wav,Angry
Ravdess_Augmented\384.wav,Sad
Ravdess_Augmented\385.wav,Sad
Ravdess_Augmented\386.wav,Sad
Ravdess_Augmented\387.wav,Sad
Ravdess_Augmented\388.wav,Angry
Ravdess_Augmented\389.wav,Angry
Ravdess_Augmented\390.wav,Angry
Ravdess_Augmented\391.wav,Angry
Ravdess_Augmented\392.wav,Neutral
Ravdess_Augmented\393.wav,Neutral
Ravdess_Augmented\394.wav,Neutral
Ravdess_Augmented\395.wav,Neutral
Ravdess_Augmented\396.wav,Surprised
Ravdess_Augmented\397.wav,Surprised
Ravdess_Augmented\398.wav,Surprised
Ravdess_Augmented\399.wav,Surprised
Ravdess_Augmented\400.wav,Disgust
Ravdess_Augmented\401.wav,Disgust
Ravdess_Augmented\402.wav,Disgust
Ravdess_Augmented\403.wav,Disgust
Ravdess_Augmented\404.wav,Angry
Ravdess_Augmented\405.wav,Angry
Ravdess_Augmented\406.wav,Angry
Ravdess_Augmented\407.wav,Angry
Ravdess_Augmented\408.wav,Disgust
Ravdess_Augmented\409.wav,Disgust
Ravdess_Augmented\410.wav,Disgust
Ravdess_Augmented\411.wav,Disgust
Ravdess_Augmented\412.wav,Happy
Ravdess_Augmented\413.wav,Happy
Ravdess_Augmented\414.wav,Happy
Ravdess_Augmented\415.wav,Happy
Ravdess_Augmented\416.wav,Sad
Ravdess_Augmented\417.wav,Sad
Ravdess_Augmented\418.wav,Sad
Ravdess_Augmented\419.wav,Sad
Ravdess_Augmented\420.wav,Surprised
Ravdess_Augmented\421.wav,Surprised
Ravdess_Augmented\422.wav,Surprised
Ravdess_Augmented\423.wav,Surprised
Ravdess_Augmented\424.wav,Surprised
Ravdess_Augmented\425.wav,Surprised
Ravdess_Augmented\426.wav,Surprised
Ravdess_Augmented\427.wav,Surprised
Ravdess_Augmented\428.wav,Happy
Ravdess_Augmented\429.wav,Happy
Ravdess_Augmented\430.wav,Happy
Ravdess_Augmented\431.wav,Happy
Ravdess_Augmented\432.wav,Sad
Ravdess_Augmented\433.wav,Sad
Ravdess_Augmented\434.wav,Sad
Ravdess_Augmented\435.wav,Sad
Ravdess_Augmented\436.wav,Happy
Ravdess_Augmented\437.wav,Happy
Ravdess_Augmented\438.wav,Happy
Ravdess_Augmented\439.wav,Happy
Ravdess_Augmented\440.wav,Surprised
Ravdess_Augmented\441.wav,Surprised
Ravdess_Augmented\442.wav,Surprised
Ravdess_Augmented\443.wav,Surprised
Ravdess_Augmented\444.wav,Calm
Ravdess_Augmented\445.wav,Calm
Ravdess_Augmented\446.wav,Calm
Ravdess_Augmented\447.wav,Calm
Ravdess_Augmented\448.wav,Surprised
Ravdess_Augmented\449.wav,Surprised
Ravdess_Augmented\450.wav,Surprised
Ravdess_Augmented\451.wav,Surprised
Ravdess_Augmented\452.wav,Neutral
Ravdess_Augmented\453.wav,Neutral
Ravdess_Augmented\454.wav,Neutral
Ravdess_Augmented\455.wav,Neutral
Ravdess_Augmented\456.wav,Surprised
Ravdess_Augmented\457.wav,Surprised
Ravdess_Augmented\458.wav,Surprised
Ravdess_Augmented\459.wav,Surprised
Ravdess_Augmented\460.wav,Fearful
Ravdess_Augmented\461.wav,Fearful
Ravdess_Augmented\462.wav,Fearful
Ravdess_Augmented\463.wav,Fearful
Ravdess_Augmented\464.wav,Angry
Ravdess_Augmented\465.wav,Angry
Ravdess_Augmented\466.wav,Angry
Ravdess_Augmented\467.wav,Angry
Ravdess_Augmented\468.wav,Sad
Ravdess_Augmented\469.wav,Sad
Ravdess_Augmented\470.wav,Sad
Ravdess_Augmented\471.wav,Sad
Ravdess_Augmented\472.wav,Calm
Ravdess_Augmented\473.wav,Calm
Ravdess_Augmented\474.wav,Calm
Ravdess_Augmented\475.wav,Calm
Ravdess_Augmented\476.wav,Fearful
Ravdess_Augmented\477.wav,Fearful
Ravdess_Augmented\478.wav,Fearful
Ravdess_Augmented\479.wav,Fearful
Ravdess_Augmented\480.wav,Disgust
Ravdess_Augmented\481.wav,Disgust
Ravdess_Augmented\482.wav,Disgust
Ravdess_Augmented\483.wav,Disgust
Ravdess_Augmented\484.wav,Neutral
Ravdess_Augmented\485.wav,Neutral
Ravdess_Augmented\486.wav,Neutral
Ravdess_Augmented\487.wav,Neutral
Ravdess_Augmented\488.wav,Fearful
Ravdess_Augmented\489.wav,Fearful
Ravdess_Augmented\490.wav,Fearful
Ravdess_Augmented\491.wav,Fearful
Ravdess_Augmented\492.wav,Sad
Ravdess_Augmented\493.wav,Sad
Ravdess_Augmented\494.wav,Sad
Ravdess_Augmented\495.wav,Sad
Ravdess_Augmented\496.wav,Calm
Ravdess_Augmented\497.wav,Calm
Ravdess_Augmented\498.wav,Calm
Ravdess_Augmented\499.wav,Calm
Ravdess_Augmented\500.wav,Disgust
Ravdess_Augmented\501.wav,Disgust
Ravdess_Augmented\502.wav,Disgust
Ravdess_Augmented\503.wav,Disgust
Ravdess_Augmented\504.wav,Fearful
Ravdess_Augmented\505.wav,Fearful
Ravdess_Augmented\506.wav,Fearful
Ravdess_Augmented\507.wav,Fearful
Ravdess_Augmented\508.wav,Fearful
Ravdess_Augmented\509.wav,Fearful
Ravdess_Augmented\510.wav,Fearful
Ravdess_Augmented\511.wav,Fearful
Ravdess_Augmented\512.wav,Fearful
Ravdess_Augmented\513.wav,Fearful
Ravdess_Augmented\514.wav,Fearful
Ravdess_Augmented\515.wav,Fearful
Ravdess_Augmented\516.wav,Happy
Ravdess_Augmented\517.wav,Happy
Ravdess_Augmented\518.wav,Happy
Ravdess_Augmented\519.wav,Happy
Ravdess_Augmented\520.wav,Calm
Ravdess_Augmented\521.wav,Calm
Ravdess_Augmented\522.wav,Calm
Ravdess_Augmented\523.wav,Calm
Ravdess_Augmented\524.wav,Angry
Ravdess_Augmented\525.wav,Angry
Ravdess_Augmented\526.wav,Angry
Ravdess_Augmented\527.wav,Angry
Ravdess_Augmented\528.wav,Fearful
Ravdess_Augmented\529.wav,Fearful
Ravdess_Augmented\530.wav,Fearful
Ravdess_Augmented\531.wav,Fearful
Ravdess_Augmented\532.wav,Happy
Ravdess_Augmented\533.wav,Happy
Ravdess_Augmented\534.wav,Happy
Ravdess_Augmented\535.wav,Happy
Ravdess_Augmented\536.wav,Happy
Ravdess_Augmented\537.wav,Happy
Ravdess_Augmented\538.wav,Happy
Ravdess_Augmented\539.wav,Happy
Ravdess_Augmented\540.wav,Fearful
Ravdess_Augmented\541.wav,Fearful
Ravdess_Augmented\542.wav,Fearful
Ravdess_Augmented\543.wav,Fearful
Ravdess_Augmented\544.wav,Fearful
Ravdess_Augmented\545.wav,Fearful
Ravdess_Augmented\546.wav,Fearful
Ravdess_Augmented\547.wav,Fearful
Ravdess_Augmented\548.wav,Sad
Ravdess_Augmented\549.wav,Sad
Ravdess_Augmented\550.wav,Sad
Ravdess_Augmented\551.wav,Sad
Ravdess_Augmented\552.wav,Disgust
Ravdess_Augmented\553.wav,Disgust
Ravdess_Augmented\554.wav,Disgust
Ravdess_Augmented\555.wav,Disgust
Ravdess_Augmented\556.wav,Happy
Ravdess_Augmented\557.wav,Happy
Ravdess_Augmented\558.wav,Happy
Ravdess_Augmented\559.wav,Happy
Ravdess_Augmented\560.wav,Fearful
Ravdess_Augmented\561.wav,Fearful
Ravdess_Augmented\562.wav,Fearful
Ravdess_Augmented\563.wav,Fearful
Ravdess_Augmented\564.wav,Sad
Ravdess_Augmented\565.wav,Sad
Ravdess_Augmented\566.wav,Sad
Ravdess_Augmented\567.wav,Sad
Ravdess_Augmented\568.wav,Calm
Ravdess_Augmented\569.wav,Calm
Ravdess_Augmented\570.wav,Calm
Ravdess_Augmented\571.wav,Calm
Ravdess_Augmented\572.wav,Disgust
Ravdess_Augmented\573.wav,Disgust
Ravdess_Augmented\574.wav,Disgust
Ravdess_Augmented\575.wav,Disgust
Ravdess_Augmented\576.wav,Disgust
Ravdess_Augmented\577.wav,Disgust
Ravdess_Augmented\578.wav,Disgust
Ravdess_Augmented\579.wav,Disgust
Ravdess_Augmented\580.wav,Calm
Ravdess_Augmented\581.wav,Calm
Ravdess_Augmented\582.wav,Calm
Ravdess_Augmented\583.wav,Calm
Ravdess_Augmented\584.wav,Calm
Ravdess_Augmented\585.wav,Calm
Ravdess_Augmented\586.wav,Calm
Ravdess_Augmented\587.wav,Calm
Ravdess_Augmented\588.wav,Calm
Ravdess_Augmented\589.wav,Calm
Ravdess_Augmented\590.wav,Calm
Ravdess_Augmented\591.wav,Calm
Ravdess_Augmented\592.wav,Neutral
Ravdess_Augmented\593.wav,Neutral
Ravdess_Augmented\594.wav,Neutral
Ravdess_Augmented\595.wav,Neutral
Ravdess_Augmented\596.wav,Disgust
Ravdess_Augmented\597.wav,Disgust
Ravdess_Augmented\598.wav,Disgust
Ravdess_Augmented\599.wav,Disgust
Ravdess_Augmented\600.wav,Sad
Ravdess_Augmented\601.wav,Sad
Ravdess_Augmented\602.wav,Sad
Ravdess_Augmented\603.wav,Sad
Ravdess_Augmented\604.wav,Sad
Ravdess_Augmented\605.wav,Sad
Ravdess_Augmented\606.wav,Sad
Ravdess_Augmented\607.wav,Sad
Ravdess_Augmented\608.wav,Fearful
Ravdess_Augmented\609.wav,Fearful
Ravdess_Augmented\610.wav,Fearful
Ravdess_Augmented\611.wav,Fearful
Ravdess_Augmented\612.wav,Sad
Ravdess_Augmented\613.wav,Sad
Ravdess_Augmented\614.wav,Sad
Ravdess_Augmented\615.wav,Sad
Ravdess_Augmented\616.wav,Fearful
Ravdess_Augmented\617.wav,Fearful
Ravdess_Augmented\618.wav,Fearful
Ravdess_Augmented\619.wav,Fearful
Ravdess_Augmented\620.wav,Disgust
Ravdess_Augmented\621.wav,Disgust
Ravdess_Augmented\622.wav,Disgust
Ravdess_Augmented\623.wav,Disgust
Ravdess_Augmented\624.wav,Surprised
Ravdess_Augmented\625.wav,Surprised
Ravdess_Augmented\626.wav,Surprised
Ravdess_Augmented\627.wav,Surprised
Ravdess_Augmented\628.wav,Angry
Ravdess_Augmented\629.wav,Angry
Ravdess_Augmented\630.wav,Angry
Ravdess_Augmented\631.wav,Angry
Ravdess_Augmented\632.wav,Angry
Ravdess_Augmented\633.wav,Angry
Ravdess_Augmented\634.wav,Angry
Ravdess_Augmented\635.wav,Angry
Ravdess_Augmented\636.wav,Fearful
Ravdess_Augmented\637.wav,Fearful
Ravdess_Augmented\638.wav,Fearful
Ravdess_Augmented\639.wav,Fearful
Ravdess_Augmented\640.wav,Calm
Ravdess_Augmented\641.wav,Calm
Ravdess_Augmented\642.wav,Calm
Ravdess_Augmented\643.wav,Calm
Ravdess_Augmented\644.wav,Fearful
Ravdess_Augmented\645.wav,Fearful
Ravdess_Augmented\646.wav,Fearful
Ravdess_Augmented\647.wav,Fearful
Ravdess_Augmented\648.wav,Disgust
Ravdess_Augmented\649.wav,Disgust
Ravdess_Augmented\650.wav,Disgust
Ravdess_Augmented\651.wav,Disgust
Ravdess_Augmented\652.wav,Calm
Ravdess_Augmented\653.wav,Calm
Ravdess_Augmented\654.wav,Calm
Ravdess_Augmented\655.wav,Calm
Ravdess_Augmented\656.wav,Angry
Ravdess_Augmented\657.wav,Angry
Ravdess_Augmented\658.wav,Angry
Ravdess_Augmented\659.wav,Angry
Ravdess_Augmented\660.wav,Fearful
Ravdess_Augmented\661.wav,Fearful
Ravdess_Augmented\662.wav,Fearful
Ravdess_Augmented\663.wav,Fearful
Ravdess_Augmented\664.wav,Angry
Ravdess_Augmented\665.wav,Angry
Ravdess_Augmented\666.wav,Angry
Ravdess_Augmented\667.wav,Angry
Ravdess_Augmented\668.wav,Calm
Ravdess_Augmented\669.wav,Calm
Ravdess_Augmented\670.wav,Calm
Ravdess_Augmented\671.wav,Calm
Ravdess_Augmented\672.wav,Disgust
Ravdess_Augmented\673.wav,Disgust
Ravdess_Augmented\674.wav,Disgust
Ravdess_Augmented\675.wav,Disgust
Ravdess_Augmented\676.wav,Calm
Ravdess_Augmented\677.wav,Calm
Ravdess_Augmented\678.wav,Calm
Ravdess_Augmented\679.wav,Calm
Ravdess_Augmented\680.wav,Sad
Ravdess_Augmented\681.wav,Sad
Ravdess_Augmented\682.wav,Sad
Ravdess_Augmented\683.wav,Sad
Ravdess_Augmented\684.wav,Fearful
Ravdess_Augmented\685.wav,Fearful
Ravdess_Augmented\686.wav,Fearful
Ravdess_Augmented\687.wav,Fearful
Ravdess_Augmented\688.wav,Sad
Ravdess_Augmented\689.wav,Sad
Ravdess_Augmented\690.wav,Sad
Ravdess_Augmented\691.wav,Sad
Ravdess_Augmented\692.wav,Calm
Ravdess_Augmented\693.wav,Calm
Ravdess_Augmented\694.wav,Calm
Ravdess_Augmented\695.wav,Calm
Ravdess_Augmented\696.wav,Surprised
Ravdess_Augmented\697.wav,Surprised
Ravdess_Augmented\698.wav,Surprised
Ravdess_Augmented\699.wav,Surprised
Ravdess_Augmented\700.wav,Fearful
Ravdess_Augmented\701.wav,Fearful
Ravdess_Augmented\702.wav,Fearful
Ravdess_Augmented\703.wav,Fearful
Ravdess_Augmented\704.wav,Calm
Ravdess_Augmented\705.wav,Calm
Ravdess_Augmented\706.wav,Calm
Ravdess_Augmented\707.wav,Calm
Ravdess_Augmented\708.wav,Neutral
Ravdess_Augmented\709.wav,Neutral
Ravdess_Augmented\710.wav,Neutral
Ravdess_Augmented\711.wav,Neutral
Ravdess_Augmented\712.wav,Fearful
Ravdess_Augmented\713.wav,Fearful
Ravdess_Augmented\714.wav,Fearful
Ravdess_Augmented\715.wav,Fearful
Ravdess_Augmented\716.wav,Sad
Ravdess_Augmented\717.wav,Sad
Ravdess_Augmented\718.wav,Sad
Ravdess_Augmented\719.wav,Sad
Ravdess_Augmented\720.wav,Fearful
Ravdess_Augmented\721.wav,Fearful
Ravdess_Augmented\722.wav,Fearful
Ravdess_Augmented\723.wav,Fearful
Ravdess_Augmented\724.wav,Happy
Ravdess_Augmented\725.wav,Happy
Ravdess_Augmented\726.wav,Happy
Ravdess_Augmented\727.wav,Happy
Ravdess_Augmented\728.wav,Angry
Ravdess_Augmented\729.wav,Angry
Ravdess_Augmented\730.wav,Angry
Ravdess_Augmented\731.wav,Angry
Ravdess_Augmented\732.wav,Disgust
Ravdess_Augmented\733.wav,Disgust
Ravdess_Augmented\734.wav,Disgust
Ravdess_Augmented\735.wav,Disgust
Ravdess_Augmented\736.wav,Fearful
Ravdess_Augmented\737.wav,Fearful
Ravdess_Augmented\738.wav,Fearful
Ravdess_Augmented\739.wav,Fearful
Ravdess_Augmented\740.wav,Angry
Ravdess_Augmented\741.wav,Angry
Ravdess_Augmented\742.wav,Angry
Ravdess_Augmented\743.wav,Angry
Ravdess_Augmented\744.wav,Surprised
Ravdess_Augmented\745.wav,Surprised
Ravdess_Augmented\746.wav,Surprised
Ravdess_Augmented\747.wav,Surprised
Ravdess_Augmented\748.wav,Calm
Ravdess_Augmented\749.wav,Calm
Ravdess_Augmented\750.wav,Calm
Ravdess_Augmented\751.wav,Calm
Ravdess_Augmented\752.wav,Sad
Ravdess_Augmented\753.wav,Sad
Ravdess_Augmented\754.wav,Sad
Ravdess_Augmented\755.wav,Sad
Ravdess_Augmented\756.wav,Calm
Ravdess_Augmented\757.wav,Calm
Ravdess_Augmented\758.wav,Calm
Ravdess_Augmented\759.wav,Calm
Ravdess_Augmented\760.wav,Angry
Ravdess_Augmented\761.wav,Angry
Ravdess_Augmented\762.wav,Angry
Ravdess_Augmented\763.wav,Angry
Ravdess_Augmented\764.wav,Calm
Ravdess_Augmented\765.wav,Calm
Ravdess_Augmented\766.wav,Calm
Ravdess_Augmented\767.wav,Calm
Ravdess_Augmented\768.wav,Angry
Ravdess_Augmented\769.wav,Angry
Ravdess_Augmented\770.wav,Angry
Ravdess_Augmented\771.wav,Angry
Ravdess_Augmented\772.wav,Angry
Ravdess_Augmented\773.wav,Angry
Ravdess_Augmented\774.wav,Angry
Ravdess_Augmented\775.wav,Angry
Ravdess_Augmented\776.wav,Surprised
Ravdess_Augmented\777.wav,Surprised
Ravdess_Augmented\778.wav,Surprised
Ravdess_Augmented\779.wav,Surprised
Ravdess_Augmented\780.wav,Calm
Ravdess_Augmented\781.wav,Calm
Ravdess_Augmented\782.wav,Calm
Ravdess_Augmented\783.wav,Calm
Ravdess_Augmented\784.wav,Surprised
Ravdess_Augmented\785.wav,Surprised
Ravdess_Augmented\786.wav,Surprised
Ravdess_Augmented\787.wav,Surprised
Ravdess_Augmented\788.wav,Neutral
Ravdess_Augmented\789.wav,Neutral
Ravdess_Augmented\790.wav,Neutral
Ravdess_Augmented\791.wav,Neutral
Ravdess_Augmented\792.wav,Sad
Ravdess_Augmented\793.wav,Sad
Ravdess_Augmented\794.wav,Sad
Ravdess_Augmented\795.wav,Sad
Ravdess_Augmented\796.wav,Disgust
Ravdess_Augmented\797.wav,Disgust
Ravdess_Augmented\798.wav,Disgust
Ravdess_Augmented\799.wav,Disgust
Ravdess_Augmented\800.wav,Fearful
Ravdess_Augmented\801.wav,Fearful
Ravdess_Augmented\802.wav,Fearful
Ravdess_Augmented\803.wav,Fearful
Ravdess_Augmented\804.wav,Surprised
Ravdess_Augmented\805.wav,Surprised
Ravdess_Augmented\806.wav,Surprised
Ravdess_Augmented\807.wav,Surprised
Ravdess_Augmented\808.wav,Disgust
Ravdess_Augmented\809.wav,Disgust
Ravdess_Augmented\810.wav,Disgust
Ravdess_Augmented\811.wav,Disgust
Ravdess_Augmented\812.wav,Disgust
Ravdess_Augmented\813.wav,Disgust
Ravdess_Augmented\814.wav,Disgust
Ravdess_Augmented\815.wav,Disgust
Ravdess_Augmented\816.wav,Angry
Ravdess_Augmented\817.wav,Angry
Ravdess_Augmented\818.wav,Angry
Ravdess_Augmented\819.wav,Angry
Ravdess_Augmented\820.wav,Surprised
Ravdess_Augmented\821.wav,Surprised
Ravdess_Augmented\822.wav,Surprised
Ravdess_Augmented\823.wav,Surprised
Ravdess_Augmented\824.wav,Fearful
Ravdess_Augmented\825.wav,Fearful
Ravdess_Augmented\826.wav,Fearful
Ravdess_Augmented\827.wav,Fearful
Ravdess_Augmented\828.wav,Angry
Ravdess_Augmented\829.wav,Angry
Ravdess_Augmented\830.wav,Angry
Ravdess_Augmented\831.wav,Angry
Ravdess_Augmented\832.wav,Disgust
Ravdess_Augmented\833.wav,Disgust
Ravdess_Augmented\834.wav,Disgust
Ravdess_Augmented\835.wav,Disgust
Ravdess_Augmented\836.wav,Happy
Ravdess_Augmented\837.wav,Happy
Ravdess_Augmented\838.wav,Happy
Ravdess_Augmented\839.wav,Happy
Ravdess_Augmented\840.wav,Angry
Ravdess_Augmented\841.wav,Angry
Ravdess_Augmented\842.wav,Angry
Ravdess_Augmented\843.wav,Angry
Ravdess_Augmented\844.wav,Angry
Ravdess_Augmented\845.wav,Angry
Ravdess_Augmented\846.wav,Angry
Ravdess_Augmented\847.wav,Angry
Ravdess_Augmented\848.wav,Disgust
Ravdess_Augmented\849.wav,Disgust
Ravdess_Augmented\850.wav,Disgust
Ravdess_Augmented\851.wav,Disgust
Ravdess_Augmented\852.wav,Disgust
Ravdess_Augmented\853.wav,Disgust
Ravdess_Augmented\854.wav,Disgust
Ravdess_Augmented\855.wav,Disgust
Ravdess_Augmented\856.wav,Fearful
Ravdess_Augmented\857.wav,Fearful
Ravdess_Augmented\858.wav,Fearful
Ravdess_Augmented\859.wav,Fearful
Ravdess_Augmented\860.wav,Neutral
Ravdess_Augmented\861.wav,Neutral
Ravdess_Augmented\862.wav,Neutral
Ravdess_Augmented\863.wav,Neutral
Ravdess_Augmented\864.wav,Happy
Ravdess_Augmented\865.wav,Happy
Ravdess_Augmented\866.wav,Happy
Ravdess_Augmented\867.wav,Happy
Ravdess_Augmented\868.wav,Happy
Ravdess_Augmented\869.wav,Happy
Ravdess_Augmented\870.wav,Happy
Ravdess_Augmented\871.wav,Happy
Ravdess_Augmented\872.wav,Sad
Ravdess_Augmented\873.wav,Sad
Ravdess_Augmented\874.wav,Sad
Ravdess_Augmented\875.wav,Sad
Ravdess_Augmented\876.wav,Surprised
Ravdess_Augmented\877.wav,Surprised
Ravdess_Augmented\878.wav,Surprised
Ravdess_Augmented\879.wav,Surprised
Ravdess_Augmented\880.wav,Fearful
Ravdess_Augmented\881.wav,Fearful
Ravdess_Augmented\882.wav,Fearful
Ravdess_Augmented\883.wav,Fearful
Ravdess_Augmented\884.wav,Sad
Ravdess_Augmented\885.wav,Sad
Ravdess_Augmented\886.wav,Sad
Ravdess_Augmented\887.wav,Sad
Ravdess_Augmented\888.wav,Sad
Ravdess_Augmented\889.wav,Sad
Ravdess_Augmented\890.wav,Sad
Ravdess_Augmented\891.wav,Sad
Ravdess_Augmented\892.wav,Disgust
Ravdess_Augmented\893.wav,Disgust
Ravdess_Augmented\894.wav,Disgust
Ravdess_Augmented\895.wav,Disgust
Ravdess_Augmented\896.wav,Happy
Ravdess_Augmented\897.wav,Happy
Ravdess_Augmented\898.wav,Happy
Ravdess_Augmented\899.wav,Happy
Ravdess_Augmented\900.wav,Angry
Ravdess_Augmented\901.wav,Angry
Ravdess_Augmented\902.wav,Angry
Ravdess_Augmented\903.wav,Angry
Ravdess_Augmented\904.wav,Happy
Ravdess_Augmented\905.wav,Happy
Ravdess_Augmented\906.wav,Happy
Ravdess_Augmented\907.wav,Happy
Ravdess_Augmented\908.wav,Surprised
Ravdess_Augmented\909.wav,Surprised
Ravdess_Augmented\910.wav,Surprised
Ravdess_Augmented\911.wav,Surprised
Ravdess_Augmented\912.wav,Angry
Ravdess_Augmented\913.wav,Angry
Ravdess_Augmented\914.wav,Angry
Ravdess_Augmented\915.wav,Angry
Ravdess_Augmented\916.wav,Fearful
Ravdess_Augmented\917.wav,Fearful
Ravdess_Augmented\918.wav,Fearful
Ravdess_Augmented\919.wav,Fearful
Ravdess_Augmented\920.wav,Surprised
Ravdess_Augmented\921.wav,Surprised
Ravdess_Augmented\922.wav,Surprised
Ravdess_Augmented\923.wav,Surprised
Ravdess_Augmented\924.wav,Calm
Ravdess_Augmented\925.wav,Calm
Ravdess_Augmented\926.wav,Calm
Ravdess_Augmented\927.wav,Calm
Ravdess_Augmented\928.wav,Happy
Ravdess_Augmented\929.wav,Happy
Ravdess_Augmented\930.wav,Happy
Ravdess_Augmented\931.wav,Happy
Ravdess_Augmented\932.wav,Angry
Ravdess_Augmented\933.wav,Angry
Ravdess_Augmented\934.wav,Angry
Ravdess_Augmented\935.wav,Angry
Ravdess_Augmented\936.wav,Neutral
Ravdess_Augmented\937.wav,Neutral
Ravdess_Augmented\938.wav,Neutral
Ravdess_Augmented\939.wav,Neutral
Ravdess_Augmented\940.wav,Angry
Ravdess_Augmented\941.wav,Angry
Ravdess_Augmented\942.wav,Angry
Ravdess_Augmented\943.wav,Angry
Ravdess_Augmented\944.wav,Surprised
Ravdess_Augmented\945.wav,Surprised
Ravdess_Augmented\946.wav,Surprised
Ravdess_Augmented\947.wav,Surprised
Ravdess_Augmented\948.wav,Neutral
Ravdess_Augmented\949.wav,Neutral
Ravdess_Augmented\950.wav,Neutral
Ravdess_Augmented\951.wav,Neutral
Ravdess_Augmented\952.wav,Fearful
Ravdess_Augmented\953.wav,Fearful
Ravdess_Augmented\954.wav,Fearful
Ravdess_Augmented\955.wav,Fearful
Ravdess_Augmented\956.wav,Sad
Ravdess_Augmented\957.wav,Sad
Ravdess_Augmented\958.wav,Sad
Ravdess_Augmented\959.wav,Sad
Ravdess_Augmented\960.wav,Disgust
Ravdess_Augmented\961.wav,Disgust
Ravdess_Augmented\962.wav,Disgust
Ravdess_Augmented\963.wav,Disgust
Ravdess_Augmented\964.wav,Surprised
Ravdess_Augmented\965.wav,Surprised
Ravdess_Augmented\966.wav,Surprised
Ravdess_Augmented\967.wav,Surprised
Ravdess_Augmented\968.wav,Sad
Ravdess_Augmented\969.wav,Sad
Ravdess_Augmented\970.wav,Sad
Ravdess_Augmented\971.wav,Sad
Ravdess_Augmented\972.wav,Calm
Ravdess_Augmented\973.wav,Calm
Ravdess_Augmented\974.wav,Calm
Ravdess_Augmented\975.wav,Calm
Ravdess_Augmented\976.wav,Happy
Ravdess_Augmented\977.wav,Happy
Ravdess_Augmented\978.wav,Happy
Ravdess_Augmented\979.wav,Happy
Ravdess_Augmented\980.wav,Angry
Ravdess_Augmented\981.wav,Angry
Ravdess_Augmented\982.wav,Angry
Ravdess_Augmented\983.wav,Angry
Ravdess_Augmented\984.wav,Neutral
Ravdess_Augmented\985.wav,Neutral
Ravdess_Augmented\986.wav,Neutral
Ravdess_Augmented\987.wav,Neutral
Ravdess_Augmented\988.wav,Disgust
Ravdess_Augmented\989.wav,Disgust
Ravdess_Augmented\990.wav,Disgust
Ravdess_Augmented\991.wav,Disgust
Ravdess_Augmented\992.wav,Disgust
Ravdess_Augmented\993.wav,Disgust
Ravdess_Augmented\994.wav,Disgust
Ravdess_Augmented\995.wav,Disgust
Ravdess_Augmented\996.wav,Surprised
Ravdess_Augmented\997.wav,Surprised
Ravdess_Augmented\998.wav,Surprised
Ravdess_Augmented\999.wav,Surprised
Ravdess_Augmented\1000.wav,Happy
Ravdess_Augmented\1001.wav,Happy
Ravdess_Augmented\1002.wav,Happy
Ravdess_Augmented\1003.wav,Happy
Ravdess_Augmented\1004.wav,Surprised
Ravdess_Augmented\1005.wav,Surprised
Ravdess_Augmented\1006.wav,Surprised
Ravdess_Augmented\1007.wav,Surprised
Ravdess_Augmented\1008.wav,Happy
Ravdess_Augmented\1009.wav,Happy
Ravdess_Augmented\1010.wav,Happy
Ravdess_Augmented\1011.wav,Happy
Ravdess_Augmented\1012.wav,Surprised
Ravdess_Augmented\1013.wav,Surprised
Ravdess_Augmented\1014.wav,Surprised
Ravdess_Augmented\1015.wav,Surprised
Ravdess_Augmented\1016.wav,Fearful
Ravdess_Augmented\1017.wav,Fearful
Ravdess_Augmented\1018.wav,Fearful
Ravdess_Augmented\1019.wav,Fearful
Ravdess_Augmented\1020.wav,Disgust
Ravdess_Augmented\1021.wav,Disgust
Ravdess_Augmented\1022.wav,Disgust
Ravdess_Augmented\1023.wav,Disgust
Ravdess_Augmented\1024.wav,Angry
Ravdess_Augmented\1025.wav,Angry
Ravdess_Augmented\1026.wav,Angry
Ravdess_Augmented\1027.wav,Angry
Ravdess_Augmented\1028.wav,Fearful
Ravdess_Augmented\1029.wav,Fearful
Ravdess_Augmented\1030.wav,Fearful
Ravdess_Augmented\1031.wav,Fearful
Ravdess_Augmented\1032.wav,Fearful
Ravdess_Augmented\1033.wav,Fearful
Ravdess_Augmented\1034.wav,Fearful
Ravdess_Augmented\1035.wav,Fearful
Ravdess_Augmented\1036.wav,Happy
Ravdess_Augmented\1037.wav,Happy
Ravdess_Augmented\1038.wav,Happy
Ravdess_Augmented\1039.wav,Happy
Ravdess_Augmented\1040.wav,Sad
Ravdess_Augmented\1041.wav,Sad
Ravdess_Augmented\1042.wav,Sad
Ravdess_Augmented\1043.wav,Sad
Ravdess_Augmented\1044.wav,Happy
Ravdess_Augmented\1045.wav,Happy
Ravdess_Augmented\1046.wav,Happy
Ravdess_Augmented\1047.wav,Happy
Ravdess_Augmented\1048.wav,Angry
Ravdess_Augmented\1049.wav,Angry
Ravdess_Augmented\1050.wav,Angry
Ravdess_Augmented\1051.wav,Angry
Ravdess_Augmented\1052.wav,Happy
Ravdess_Augmented\1053.wav,Happy
Ravdess_Augmented\1054.wav,Happy
Ravdess_Augmented\1055.wav,Happy
Ravdess_Augmented\1056.wav,Angry
Ravdess_Augmented\1057.wav,Angry
Ravdess_Augmented\1058.wav,Angry
Ravdess_Augmented\1059.wav,Angry
Ravdess_Augmented\1060.wav,Happy
Ravdess_Augmented\1061.wav,Happy
Ravdess_Augmented\1062.wav,Happy
Ravdess_Augmented\1063.wav,Happy
Ravdess_Augmented\1064.wav,Sad
Ravdess_Augmented\1065.wav,Sad
Ravdess_Augmented\1066.wav,Sad
Ravdess_Augmented\1067.wav,Sad
Ravdess_Augmented\1068.wav,Surprised
Ravdess_Augmented\1069.wav,Surprised
Ravdess_Augmented\1070.wav,Surprised
Ravdess_Augmented\1071.wav,Surprised
Ravdess_Augmented\1072.wav,Angry
Ravdess_Augmented\1073.wav,Angry
Ravdess_Augmented\1074.wav,Angry
Ravdess_Augmented\1075.wav,Angry
Ravdess_Augmented\1076.wav,Sad
Ravdess_Augmented\1077.wav,Sad
Ravdess_Augmented\1078.wav,Sad
Ravdess_Augmented\1079.wav,Sad
Ravdess_Augmented\1080.wav,Calm
Ravdess_Augmented\1081.wav,Calm
Ravdess_Augmented\1082.wav,Calm
Ravdess_Augmented\1083.wav,Calm
Ravdess_Augmented\1084.wav,Calm
Ravdess_Augmented\1085.wav,Calm
Ravdess_Augmented\1086.wav,Calm
Ravdess_Augmented\1087.wav,Calm
Ravdess_Augmented\1088.wav,Sad
Ravdess_Augmented\1089.wav,Sad
Ravdess_Augmented\1090.wav,Sad
Ravdess_Augmented\1091.wav,Sad
Ravdess_Augmented\1092.wav,Sad
Ravdess_Augmented\1093.wav,Sad
Ravdess_Augmented\1094.wav,Sad
Ravdess_Augmented\1095.wav,Sad
Ravdess_Augmented\1096.wav,Calm
Ravdess_Augmented\1097.wav,Calm
Ravdess_Augmented\1098.wav,Calm
Ravdess_Augmented\1099.wav,Calm
Ravdess_Augmented\1100.wav,Disgust
Ravdess_Augmented\1101.wav,Disgust
Ravdess_Augmented\1102.wav,Disgust
Ravdess_Augmented\1103.wav,Disgust
Ravdess_Augmented\1104.wav,Happy
Ravdess_Augmented\1105.wav,Happy
Ravdess_Augmented\1106.wav,Happy
Ravdess_Augmented\1107.wav,Happy
Ravdess_Augmented\1108.wav,Angry
Ravdess_Augmented\1109.wav,Angry
Ravdess_Augmented\1110.wav,Angry
Ravdess_Augmented\1111.wav,Angry
Ravdess_Augmented\1112.wav,Happy
Ravdess_Augmented\1113.wav,Happy
Ravdess_Augmented\1114.wav,Happy
Ravdess_Augmented\1115.wav,Happy
Ravdess_Augmented\1116.wav,Fearful
Ravdess_Augmented\1117.wav,Fearful
Ravdess_Augmented\1118.wav,Fearful
Ravdess_Augmented\1119.wav,Fearful
Ravdess_Augmented\1120.wav,Fearful
Ravdess_Augmented\1121.wav,Fearful
Ravdess_Augmented\1122.wav,Fearful
Ravdess_Augmented\1123.wav,Fearful
Ravdess_Augmented\1124.wav,Surprised
Ravdess_Augmented\1125.wav,Surprised
Ravdess_Augmented\1126.wav,Surprised
Ravdess_Augmented\1127.wav,Surprised
Ravdess_Augmented\1128.wav,Angry
Ravdess_Augmented\1129.wav,Angry
Ravdess_Augmented\1130.wav,Angry
Ravdess_Augmented\1131.wav,Angry
Ravdess_Augmented\1132.wav,Sad
Ravdess_Augmented\1133.wav,Sad
Ravdess_Augmented\1134.wav,Sad
Ravdess_Augmented\1135.wav,Sad
Ravdess_Augmented\1136.wav,Fearful
Ravdess_Augmented\1137.wav,Fearful
Ravdess_Augmented\1138.wav,Fearful
Ravdess_Augmented\1139.wav,Fearful
Ravdess_Augmented\1140.wav,Sad
Ravdess_Augmented\1141.wav,Sad
Ravdess_Augmented\1142.wav,Sad
Ravdess_Augmented\1143.wav,Sad
Ravdess_Augmented\1144.wav,Angry
Ravdess_Augmented\1145.wav,Angry
Ravdess_Augmented\1146.wav,Angry
Ravdess_Augmented\1147.wav,Angry
Ravdess_Augmented\1148.wav,Calm
Ravdess_Augmented\1149.wav,Calm
Ravdess_Augmented\1150.wav,Calm
Ravdess_Augmented\1151.wav,Calm
Ravdess_Augmented\1152.wav,Angry
Ravdess_Augmented\1153.wav,Angry
Ravdess_Augmented\1154.wav,Angry
Ravdess_Augmented\1155.wav,Angry
Ravdess_Augmented\1156.wav,Angry
Ravdess_Augmented\1157.wav,Angry
Ravdess_Augmented\1158.wav,Angry
Ravdess_Augmented\1159.wav,Angry
Ravdess_Augmented\1160.wav,Disgust
Ravdess_Augmented\1161.wav,Disgust
Ravdess_Augmented\1162.wav,Disgust
Ravdess_Augmented\1163.wav,Disgust
Ravdess_Augmented\1164.wav,Neutral
Ravdess_Augmented\1165.wav,Neutral
Ravdess_Augmented\1166.wav,Neutral
Ravdess_Augmented\1167.wav,Neutral
Ravdess_Augmented\1168.wav,Surprised
Ravdess_Augmented\1169.wav,Surprised
Ravdess_Augmented\1170.wav,Surprised
Ravdess_Augmented\1171.wav,Surprised
Ravdess_Augmented\1172.wav,Disgust
Ravdess_Augmented\1173.wav,Disgust
Ravdess_Augmented\1174.wav,Disgust
Ravdess_Augmented\1175.wav,Disgust
Ravdess_Augmented\1176.wav,Calm
Ravdess_Augmented\1177.wav,Calm
Ravdess_Augmented\1178.wav,Calm
Ravdess_Augmented\1179.wav,Calm
Ravdess_Augmented\1180.wav,Disgust
Ravdess_Augmented\1181.wav,Disgust
Ravdess_Augmented\1182.wav,Disgust
Ravdess_Augmented\1183.wav,Disgust
Ravdess_Augmented\1184.wav,Disgust
Ravdess_Augmented\1185.wav,Disgust
Ravdess_Augmented\1186.wav,Disgust
Ravdess_Augmented\1187.wav,Disgust
Ravdess_Augmented\1188.wav,Fearful
Ravdess_Augmented\1189.wav,Fearful
Ravdess_Augmented\1190.wav,Fearful
Ravdess_Augmented\1191.wav,Fearful
Ravdess_Augmented\1192.wav,Angry
Ravdess_Augmented\1193.wav,Angry
Ravdess_Augmented\1194.wav,Angry
Ravdess_Augmented\1195.wav,Angry
Ravdess_Augmented\1196.wav,Happy
Ravdess_Augmented\1197.wav,Happy
Ravdess_Augmented\1198.wav,Happy
Ravdess_Augmented\1199.wav,Happy
Ravdess_Augmented\1200.wav,Surprised
Ravdess_Augmented\1201.wav,Surprised
Ravdess_Augmented\1202.wav,Surprised
Ravdess_Augmented\1203.wav,Surprised
Ravdess_Augmented\1204.wav,Angry
Ravdess_Augmented\1205.wav,Angry
Ravdess_Augmented\1206.wav,Angry
Ravdess_Augmented\1207.wav,Angry
Ravdess_Augmented\1208.wav,Surprised
Ravdess_Augmented\1209.wav,Surprised
Ravdess_Augmented\1210.wav,Surprised
Ravdess_Augmented\1211.wav,Surprised
Ravdess_Augmented\1212.wav,Calm
Ravdess_Augmented\1213.wav,Calm
Ravdess_Augmented\1214.wav,Calm
Ravdess_Augmented\1215.wav,Calm
Ravdess_Augmented\1216.wav,Disgust
Ravdess_Augmented\1217.wav,Disgust
Ravdess_Augmented\1218.wav,Disgust
Ravdess_Augmented\1219.wav,Disgust
Ravdess_Augmented\1220.wav,Happy
Ravdess_Augmented\1221.wav,Happy
Ravdess_Augmented\1222.wav,Happy
Ravdess_Augmented\1223.wav,Happy
Ravdess_Augmented\1224.wav,Calm
Ravdess_Augmented\1225.wav,Calm
Ravdess_Augmented\1226.wav,Calm
Ravdess_Augmented\1227.wav,Calm
Ravdess_Augmented\1228.wav,Disgust
Ravdess_Augmented\1229.wav,Disgust
Ravdess_Augmented\1230.wav,Disgust
Ravdess_Augmented\1231.wav,Disgust
Ravdess_Augmented\1232.wav,Calm
Ravdess_Augmented\1233.wav,Calm
Ravdess_Augmented\1234.wav,Calm
Ravdess_Augmented\1235.wav,Calm
Ravdess_Augmented\1236.wav,Calm
Ravdess_Augmented\1237.wav,Calm
Ravdess_Augmented\1238.wav,Calm
Ravdess_Augmented\1239.wav,Calm
Ravdess_Augmented\1240.wav,Fearful
Ravdess_Augmented\1241.wav,Fearful
Ravdess_Augmented\1242.wav,Fearful
Ravdess_Augmented\1243.wav,Fearful
Ravdess_Augmented\1244.wav,Happy
Ravdess_Augmented\1245.wav,Happy
Ravdess_Augmented\1246.wav,Happy
Ravdess_Augmented\1247.wav,Happy
Ravdess_Augmented\1248.wav,Calm
Ravdess_Augmented\1249.wav,Calm
Ravdess_Augmented\1250.wav,Calm
Ravdess_Augmented\1251.wav,Calm
Ravdess_Augmented\1252.wav,Happy
Ravdess_Augmented\1253.wav,Happy
Ravdess_Augmented\1254.wav,Happy
Ravdess_Augmented\1255.wav,Happy
Ravdess_Augmented\1256.wav,Surprised
Ravdess_Augmented\1257.wav,Surprised
Ravdess_Augmented\1258.wav,Surprised
Ravdess_Augmented\1259.wav,Surprised
Ravdess_Augmented\1260.wav,Surprised
Ravdess_Augmented\1261.wav,Surprised
Ravdess_Augmented\1262.wav,Surprised
Ravdess_Augmented\1263.wav,Surprised
Ravdess_Augmented\1264.wav,Angry
Ravdess_Augmented\1265.wav,Angry
Ravdess_Augmented\1266.wav,Angry
Ravdess_Augmented\1267.wav,Angry
Ravdess_Augmented\1268.wav,Disgust
Ravdess_Augmented\1269.wav,Disgust
Ravdess_Augmented\1270.wav,Disgust
Ravdess_Augmented\1271.wav,Disgust
Ravdess_Augmented\1272.wav,Disgust
Ravdess_Augmented\1273.wav,Disgust
Ravdess_Augmented\1274.wav,Disgust
Ravdess_Augmented\1275.wav,Disgust
Ravdess_Augmented\1276.wav,Neutral
Ravdess_Augmented\1277.wav,Neutral
Ravdess_Augmented\1278.wav,Neutral
Ravdess_Augmented\1279.wav,Neutral
Ravdess_Augmented\1280.wav,Fearful
Ravdess_Augmented\1281.wav,Fearful
Ravdess_Augmented\1282.wav,Fearful
Ravdess_Augmented\1283.wav,Fearful
Ravdess_Augmented\1284.wav,Calm
Ravdess_Augmented\1285.wav,Calm
Ravdess_Augmented\1286.wav,Calm
Ravdess_Augmented\1287.wav,Calm
Ravdess_Augmented\1288.wav,Happy
Ravdess_Augmented\1289.wav,Happy
Ravdess_Augmented\1290.wav,Happy
Ravdess_Augmented\1291.wav,Happy
Ravdess_Augmented\1292.wav,Sad
Ravdess_Augmented\1293.wav,Sad
Ravdess_Augmented\1294.wav,Sad
Ravdess_Augmented\1295.wav,Sad
Ravdess_Augmented\1296.wav,Happy
Ravdess_Augmented\1297.wav,Happy
Ravdess_Augmented\1298.wav,Happy
Ravdess_Augmented\1299.wav,Happy
Ravdess_Augmented\1300.wav,Calm
Ravdess_Augmented\1301.wav,Calm
Ravdess_Augmented\1302.wav,Calm
Ravdess_Augmented\1303.wav,Calm
Ravdess_Augmented\1304.wav,Sad
Ravdess_Augmented\1305.wav,Sad
Ravdess_Augmented\1306.wav,Sad
Ravdess_Augmented\1307.wav,Sad
Ravdess_Augmented\1308.wav,Disgust
Ravdess_Augmented\1309.wav,Disgust
Ravdess_Augmented\1310.wav,Disgust
Ravdess_Augmented\1311.wav,Disgust
Ravdess_Augmented\1312.wav,Fearful
Ravdess_Augmented\1313.wav,Fearful
Ravdess_Augmented\1314.wav,Fearful
Ravdess_Augmented\1315.wav,Fearful
Ravdess_Augmented\1316.wav,Sad
Ravdess_Augmented\1317.wav,Sad
Ravdess_Augmented\1318.wav,Sad
Ravdess_Augmented\1319.wav,Sad
Ravdess_Augmented\1320.wav,Calm
Ravdess_Augmented\1321.wav,Calm
Ravdess_Augmented\1322.wav,Calm
Ravdess_Augmented\1323.wav,Calm
Ravdess_Augmented\1324.wav,Sad
Ravdess_Augmented\1325.wav,Sad
Ravdess_Augmented\1326.wav,Sad
Ravdess_Augmented\1327.wav,Sad
Ravdess_Augmented\1328.wav,Fearful
Ravdess_Augmented\1329.wav,Fearful
Ravdess_Augmented\1330.wav,Fearful
Ravdess_Augmented\1331.wav,Fearful
Ravdess_Augmented\1332.wav,Neutral
Ravdess_Augmented\1333.wav,Neutral
Ravdess_Augmented\1334.wav,Neutral
Ravdess_Augmented\1335.wav,Neutral
Ravdess_Augmented\1336.wav,Happy
Ravdess_Augmented\1337.wav,Happy
Ravdess_Augmented\1338.wav,Happy
Ravdess_Augmented\1339.wav,Happy
Ravdess_Augmented\1340.wav,Disgust
Ravdess_Augmented\1341.wav,Disgust
Ravdess_Augmented\1342.wav,Disgust
Ravdess_Augmented\1343.wav,Disgust
Ravdess_Augmented\1344.wav,Fearful
Ravdess_Augmented\1345.wav,Fearful
Ravdess_Augmented\1346.wav,Fearful
Ravdess_Augmented\1347.wav,Fearful
Ravdess_Augmented\1348.wav,Happy
Ravdess_Augmented\1349.wav,Happy
Ravdess_Augmented\1350.wav,Happy
Ravdess_Augmented\1351.wav,Happy
Ravdess_Augmented\1352.wav,Happy
Ravdess_Augmented\1353.wav,Happy
Ravdess_Augmented\1354.wav,Happy
Ravdess_Augmented\1355.wav,Happy
Ravdess_Augmented\1356.wav,Disgust
Ravdess_Augmented\1357.wav,Disgust
Ravdess_Augmented\1358.wav,Disgust
Ravdess_Augmented\1359.wav,Disgust
Ravdess_Augmented\1360.wav,Fearful
Ravdess_Augmented\1361.wav,Fearful
Ravdess_Augmented\1362.wav,Fearful
Ravdess_Augmented\1363.wav,Fearful
Ravdess_Augmented\1364.wav,Sad
Ravdess_Augmented\1365.wav,Sad
Ravdess_Augmented\1366.wav,Sad
Ravdess_Augmented\1367.wav,Sad
Ravdess_Augmented\1368.wav,Neutral
Ravdess_Augmented\1369.wav,Neutral
Ravdess_Augmented\1370.wav,Neutral
Ravdess_Augmented\1371.wav,Neutral
Ravdess_Augmented\1372.wav,Calm
Ravdess_Augmented\1373.wav,Calm
Ravdess_Augmented\1374.wav,Calm
Ravdess_Augmented\1375.wav,Calm
Ravdess_Augmented\1376.wav,Happy
Ravdess_Augmented\1377.wav,Happy
Ravdess_Augmented\1378.wav,Happy
Ravdess_Augmented\1379.wav,Happy
Ravdess_Augmented\1380.wav,Surprised
Ravdess_Augmented\1381.wav,Surprised
Ravdess_Augmented\1382.wav,Surprised
Ravdess_Augmented\1383.wav,Surprised
Ravdess_Augmented\1384.wav,Happy
Ravdess_Augmented\1385.wav,Happy
Ravdess_Augmented\1386.wav,Happy
Ravdess_Augmented\1387.wav,Happy
Ravdess_Augmented\1388.wav,Fearful
Ravdess_Augmented\1389.wav,Fearful
Ravdess_Augmented\1390.wav,Fearful
Ravdess_Augmented\1391.wav,Fearful
Ravdess_Augmented\1392.wav,Calm
Ravdess_Augmented\1393.wav,Calm
Ravdess_Augmented\1394.wav,Calm
Ravdess_Augmented\1395.wav,Calm
Ravdess_Augmented\1396.wav,Calm
Ravdess_Augmented\1397.wav,Calm
Ravdess_Augmented\1398.wav,Calm
Ravdess_Augmented\1399.wav,Calm
Ravdess_Augmented\1400.wav,Calm
Ravdess_Augmented\1401.wav,Calm
Ravdess_Augmented\1402.wav,Calm
Ravdess_Augmented\1403.wav,Calm
Ravdess_Augmented\1404.wav,Sad
Ravdess_Augmented\1405.wav,Sad
Ravdess_Augmented\1406.wav,Sad
Ravdess_Augmented\1407.wav,Sad
Ravdess_Augmented\1408.wav,Angry
Ravdess_Augmented\1409.wav,Angry
Ravdess_Augmented\1410.wav,Angry
Ravdess_Augmented\1411.wav,Angry
Ravdess_Augmented\1412.wav,Disgust
Ravdess_Augmented\1413.wav,Disgust
Ravdess_Augmented\1414.wav,Disgust
Ravdess_Augmented\1415.wav,Disgust
Ravdess_Augmented\1416.wav,Happy
Ravdess_Augmented\1417.wav,Happy
Ravdess_Augmented\1418.wav,Happy
Ravdess_Augmented\1419.wav,Happy
Ravdess_Augmented\1420.wav,Disgust
Ravdess_Augmented\1421.wav,Disgust
Ravdess_Augmented\1422.wav,Disgust
Ravdess_Augmented\1423.wav,Disgust
Ravdess_Augmented\1424.wav,Angry
Ravdess_Augmented\1425.wav,Angry
Ravdess_Augmented\1426.wav,Angry
Ravdess_Augmented\1427.wav,Angry
Ravdess_Augmented\1428.wav,Sad
Ravdess_Augmented\1429.wav,Sad
Ravdess_Augmented\1430.wav,Sad
Ravdess_Augmented\1431.wav,Sad
Ravdess_Augmented\1432.wav,Happy
Ravdess_Augmented\1433.wav,Happy
Ravdess_Augmented\1434.wav,Happy
Ravdess_Augmented\1435.wav,Happy
Ravdess_Augmented\1436.wav,Calm
Ravdess_Augmented\1437.wav,Calm
Ravdess_Augmented\1438.wav,Calm
Ravdess_Augmented\1439.wav,Calm
Ravdess_Augmented\1440.wav,Happy
Ravdess_Augmented\1441.wav,Happy
Ravdess_Augmented\1442.wav,Happy
Ravdess_Augmented\1443.wav,Happy
Ravdess_Augmented\1444.wav,Happy
Ravdess_Augmented\1445.wav,Happy
Ravdess_Augmented\1446.wav,Happy
Ravdess_Augmented\1447.wav,Happy
Ravdess_Augmented\1448.wav,Fearful
Ravdess_Augmented\1449.wav,Fearful
Ravdess_Augmented\1450.wav,Fearful
Ravdess_Augmented\1451.wav,Fearful
Ravdess_Augmented\1452.wav,Sad
Ravdess_Augmented\1453.wav,Sad
Ravdess_Augmented\1454.wav,Sad
Ravdess_Augmented\1455.wav,Sad
Ravdess_Augmented\1456.wav,Fearful
Ravdess_Augmented\1457.wav,Fearful
Ravdess_Augmented\1458.wav,Fearful
Ravdess_Augmented\1459.wav,Fearful
Ravdess_Augmented\1460.wav,Sad
Ravdess_Augmented\1461.wav,Sad
Ravdess_Augmented\1462.wav,Sad
Ravdess_Augmented\1463.wav,Sad
Ravdess_Augmented\1464.wav,Fearful
Ravdess_Augmented\1465.wav,Fearful
Ravdess_Augmented\1466.wav,Fearful
Ravdess_Augmented\1467.wav,Fearful
Ravdess_Augmented\1468.wav,Angry
Ravdess_Augmented\1469.wav,Angry
Ravdess_Augmented\1470.wav,Angry
Ravdess_Augmented\1471.wav,Angry
Ravdess_Augmented\1472.wav,Happy
Ravdess_Augmented\1473.wav,Happy
Ravdess_Augmented\1474.wav,Happy
Ravdess_Augmented\1475.wav,Happy
Ravdess_Augmented\1476.wav,Angry
Ravdess_Augmented\1477.wav,Angry
Ravdess_Augmented\1478.wav,Angry
Ravdess_Augmented\1479.wav,Angry
Ravdess_Augmented\1480.wav,Neutral
Ravdess_Augmented\1481.wav,Neutral
Ravdess_Augmented\1482.wav,Neutral
Ravdess_Augmented\1483.wav,Neutral
Ravdess_Augmented\1484.wav,Angry
Ravdess_Augmented\1485.wav,Angry
Ravdess_Augmented\1486.wav,Angry
Ravdess_Augmented\1487.wav,Angry
Ravdess_Augmented\1488.wav,Disgust
Ravdess_Augmented\1489.wav,Disgust
Ravdess_Augmented\1490.wav,Disgust
Ravdess_Augmented\1491.wav,Disgust
Ravdess_Augmented\1492.wav,Neutral
Ravdess_Augmented\1493.wav,Neutral
Ravdess_Augmented\1494.wav,Neutral
Ravdess_Augmented\1495.wav,Neutral
Ravdess_Augmented\1496.wav,Sad
Ravdess_Augmented\1497.wav,Sad
Ravdess_Augmented\1498.wav,Sad
Ravdess_Augmented\1499.wav,Sad
Ravdess_Augmented\1500.wav,Calm
Ravdess_Augmented\1501.wav,Calm
Ravdess_Augmented\1502.wav,Calm
Ravdess_Augmented\1503.wav,Calm
Ravdess_Augmented\1504.wav,Neutral
Ravdess_Augmented\1505.wav,Neutral
Ravdess_Augmented\1506.wav,Neutral
Ravdess_Augmented\1507.wav,Neutral
Ravdess_Augmented\1508.wav,Surprised
Ravdess_Augmented\1509.wav,Surprised
Ravdess_Augmented\1510.wav,Surprised
Ravdess_Augmented\1511.wav,Surprised
Ravdess_Augmented\1512.wav,Neutral
Ravdess_Augmented\1513.wav,Neutral
Ravdess_Augmented\1514.wav,Neutral
Ravdess_Augmented\1515.wav,Neutral
Ravdess_Augmented\1516.wav,Fearful
Ravdess_Augmented\1517.wav,Fearful
Ravdess_Augmented\1518.wav,Fearful
Ravdess_Augmented\1519.wav,Fearful
Ravdess_Augmented\1520.wav,Angry
Ravdess_Augmented\1521.wav,Angry
Ravdess_Augmented\1522.wav,Angry
Ravdess_Augmented\1523.wav,Angry
Ravdess_Augmented\1524.wav,Neutral
Ravdess_Augmented\1525.wav,Neutral
Ravdess_Augmented\1526.wav,Neutral
Ravdess_Augmented\1527.wav,Neutral
Ravdess_Augmented\1528.wav,Disgust
Ravdess_Augmented\1529.wav,Disgust
Ravdess_Augmented\1530.wav,Disgust
Ravdess_Augmented\1531.wav,Disgust
Ravdess_Augmented\1532.wav,Sad
Ravdess_Augmented\1533.wav,Sad
Ravdess_Augmented\1534.wav,Sad
Ravdess_Augmented\1535.wav,Sad
Ravdess_Augmented\1536.wav,Happy
Ravdess_Augmented\1537.wav,Happy
Ravdess_Augmented\1538.wav,Happy
Ravdess_Augmented\1539.wav,Happy
Ravdess_Augmented\1540.wav,Surprised
Ravdess_Augmented\1541.wav,Surprised
Ravdess_Augmented\1542.wav,Surprised
Ravdess_Augmented\1543.wav,Surprised
Ravdess_Augmented\1544.wav,Surprised
Ravdess_Augmented\1545.wav,Surprised
Ravdess_Augmented\1546.wav,Surprised
Ravdess_Augmented\1547.wav,Surprised
Ravdess_Augmented\1548.wav,Fearful
Ravdess_Augmented\1549.wav,Fearful
Ravdess_Augmented\1550.wav,Fearful
Ravdess_Augmented\1551.wav,Fearful
Ravdess_Augmented\1552.wav,Calm
Ravdess_Augmented\1553.wav,Calm
Ravdess_Augmented\1554.wav,Calm
Ravdess_Augmented\1555.wav,Calm
Ravdess_Augmented\1556.wav,Surprised
Ravdess_Augmented\1557.wav,Surprised
Ravdess_Augmented\1558.wav,Surprised
Ravdess_Augmented\1559.wav,Surprised
Ravdess_Augmented\1560.wav,Happy
Ravdess_Augmented\1561.wav,Happy
Ravdess_Augmented\1562.wav,Happy
Ravdess_Augmented\1563.wav,Happy
Ravdess_Augmented\1564.wav,Happy
Ravdess_Augmented\1565.wav,Happy
Ravdess_Augmented\1566.wav,Happy
Ravdess_Augmented\1567.wav,Happy
Ravdess_Augmented\1568.wav,Neutral
Ravdess_Augmented\1569.wav,Neutral
Ravdess_Augmented\1570.wav,Neutral
Ravdess_Augmented\1571.wav,Neutral
Ravdess_Augmented\1572.wav,Sad
Ravdess_Augmented\1573.wav,Sad
Ravdess_Augmented\1574.wav,Sad
Ravdess_Augmented\1575.wav,Sad
Ravdess_Augmented\1576.wav,Surprised
Ravdess_Augmented\1577.wav,Surprised
Ravdess_Augmented\1578.wav,Surprised
Ravdess_Augmented\1579.wav,Surprised
Ravdess_Augmented\1580.wav,Disgust
Ravdess_Augmented\1581.wav,Disgust
Ravdess_Augmented\1582.wav,Disgust
Ravdess_Augmented\1583.wav,Disgust
Ravdess_Augmented\1584.wav,Sad
Ravdess_Augmented\1585.wav,Sad
Ravdess_Augmented\1586.wav,Sad
Ravdess_Augmented\1587.wav,Sad
Ravdess_Augmented\1588.wav,Disgust
Ravdess_Augmented\1589.wav,Disgust
Ravdess_Augmented\1590.wav,Disgust
Ravdess_Augmented\1591.wav,Disgust
Ravdess_Augmented\1592.wav,Surprised
Ravdess_Augmented\1593.wav,Surprised
Ravdess_Augmented\1594.wav,Surprised
Ravdess_Augmented\1595.wav,Surprised
Ravdess_Augmented\1596.wav,Disgust
Ravdess_Augmented\1597.wav,Disgust
Ravdess_Augmented\1598.wav,Disgust
Ravdess_Augmented\1599.wav,Disgust
Ravdess_Augmented\1600.wav,Sad
Ravdess_Augmented\1601.wav,Sad
Ravdess_Augmented\1602.wav,Sad
Ravdess_Augmented\1603.wav,Sad
Ravdess_Augmented\1604.wav,Disgust
Ravdess_Augmented\1605.wav,Disgust
Ravdess_Augmented\1606.wav,Disgust
Ravdess_Augmented\1607.wav,Disgust
Ravdess_Augmented\1608.wav,Fearful
Ravdess_Augmented\1609.wav,Fearful
Ravdess_Augmented\1610.wav,Fearful
Ravdess_Augmented\1611.wav,Fearful
Ravdess_Augmented\1612.wav,Calm
Ravdess_Augmented\1613.wav,Calm
Ravdess_Augmented\1614.wav,Calm
Ravdess_Augmented\1615.wav,Calm
Ravdess_Augmented\1616.wav,Angry
Ravdess_Augmented\1617.wav,Angry
Ravdess_Augmented\1618.wav,Angry
Ravdess_Augmented\1619.wav,Angry
Ravdess_Augmented\1620.wav,Angry
Ravdess_Augmented\1621.wav,Angry
Ravdess_Augmented\1622.wav,Angry
Ravdess_Augmented\1623.wav,Angry
Ravdess_Augmented\1624.wav,Disgust
Ravdess_Augmented\1625.wav,Disgust
Ravdess_Augmented\1626.wav,Disgust
Ravdess_Augmented\1627.wav,Disgust
Ravdess_Augmented\1628.wav,Disgust
Ravdess_Augmented\1629.wav,Disgust
Ravdess_Augmented\1630.wav,Disgust
Ravdess_Augmented\1631.wav,Disgust
Ravdess_Augmented\1632.wav,Happy
Ravdess_Augmented\1633.wav,Happy
Ravdess_Augmented\1634.wav,Happy
Ravdess_Augmented\1635.wav,Happy
Ravdess_Augmented\1636.wav,Sad
Ravdess_Augmented\1637.wav,Sad
Ravdess_Augmented\1638.wav,Sad
Ravdess_Augmented\1639.wav,Sad
Ravdess_Augmented\1640.wav,Happy
Ravdess_Augmented\1641.wav,Happy
Ravdess_Augmented\1642.wav,Happy
Ravdess_Augmented\1643.wav,Happy
Ravdess_Augmented\1644.wav,Neutral
Ravdess_Augmented\1645.wav,Neutral
Ravdess_Augmented\1646.wav,Neutral
Ravdess_Augmented\1647.wav,Neutral
Ravdess_Augmented\1648.wav,Angry
Ravdess_Augmented\1649.wav,Angry
Ravdess_Augmented\1650.wav,Angry
Ravdess_Augmented\1651.wav,Angry
Ravdess_Augmented\1652.wav,Calm
Ravdess_Augmented\1653.wav,Calm
Ravdess_Augmented\1654.wav,Calm
Ravdess_Augmented\1655.wav,Calm
Ravdess_Augmented\1656.wav,Fearful
Ravdess_Augmented\1657.wav,Fearful
Ravdess_Augmented\1658.wav,Fearful
Ravdess_Augmented\1659.wav,Fearful
Ravdess_Augmented\1660.wav,Surprised
Ravdess_Augmented\1661.wav,Surprised
Ravdess_Augmented\1662.wav,Surprised
Ravdess_Augmented\1663.wav,Surprised
Ravdess_Augmented\1664.wav,Angry
Ravdess_Augmented\1665.wav,Angry
Ravdess_Augmented\1666.wav,Angry
Ravdess_Augmented\1667.wav,Angry
Ravdess_Augmented\1668.wav,Calm
Ravdess_Augmented\1669.wav,Calm
Ravdess_Augmented\1670.wav,Calm
Ravdess_Augmented\1671.wav,Calm
Ravdess_Augmented\1672.wav,Calm
Ravdess_Augmented\1673.wav,Calm
Ravdess_Augmented\1674.wav,Calm
Ravdess_Augmented\1675.wav,Calm
Ravdess_Augmented\1676.wav,Surprised
Ravdess_Augmented\1677.wav,Surprised
Ravdess_Augmented\1678.wav,Surprised
Ravdess_Augmented\1679.wav,Surprised
Ravdess_Augmented\1680.wav,Fearful
Ravdess_Augmented\1681.wav,Fearful
Ravdess_Augmented\1682.wav,Fearful
Ravdess_Augmented\1683.wav,Fearful
Ravdess_Augmented\1684.wav,Happy
Ravdess_Augmented\1685.wav,Happy
Ravdess_Augmented\1686.wav,Happy
Ravdess_Augmented\1687.wav,Happy
Ravdess_Augmented\1688.wav,Neutral
Ravdess_Augmented\1689.wav,Neutral
Ravdess_Augmented\1690.wav,Neutral
Ravdess_Augmented\1691.wav,Neutral
Ravdess_Augmented\1692.wav,Sad
Ravdess_Augmented\1693.wav,Sad
Ravdess_Augmented\1694.wav,Sad
Ravdess_Augmented\1695.wav,Sad
Ravdess_Augmented\1696.wav,Fearful
Ravdess_Augmented\1697.wav,Fearful
Ravdess_Augmented\1698.wav,Fearful
Ravdess_Augmented\1699.wav,Fearful
Ravdess_Augmented\1700.wav,Happy
Ravdess_Augmented\1701.wav,Happy
Ravdess_Augmented\1702.wav,Happy
Ravdess_Augmented\1703.wav,Happy
Ravdess_Augmented\1704.wav,Angry
Ravdess_Augmented\1705.wav,Angry
Ravdess_Augmented\1706.wav,Angry
Ravdess_Augmented\1707.wav,Angry
Ravdess_Augmented\1708.wav,Calm
Ravdess_Augmented\1709.wav,Calm
Ravdess_Augmented\1710.wav,Calm
Ravdess_Augmented\1711.wav,Calm
Ravdess_Augmented\1712.wav,Disgust
Ravdess_Augmented\1713.wav,Disgust
Ravdess_Augmented\1714.wav,Disgust
Ravdess_Augmented\1715.wav,Disgust
Ravdess_Augmented\1716.wav,Happy
Ravdess_Augmented\1717.wav,Happy
Ravdess_Augmented\1718.wav,Happy
Ravdess_Augmented\1719.wav,Happy
Ravdess_Augmented\1720.wav,Surprised
Ravdess_Augmented\1721.wav,Surprised
Ravdess_Augmented\1722.wav,Surprised
Ravdess_Augmented\1723.wav,Surprised
Ravdess_Augmented\1724.wav,Fearful
Ravdess_Augmented\1725.wav,Fearful
Ravdess_Augmented\1726.wav,Fearful
Ravdess_Augmented\1727.wav,Fearful
Ravdess_Augmented\1728.wav,Angry
Ravdess_Augmented\1729.wav,Angry
Ravdess_Augmented\1730.wav,Angry
Ravdess_Augmented\1731.wav,Angry
Ravdess_Augmented\1732.wav,Angry
Ravdess_Augmented\1733.wav,Angry
Ravdess_Augmented\1734.wav,Angry
Ravdess_Augmented\1735.wav,Angry
Ravdess_Augmented\1736.wav,Calm
Ravdess_Augmented\1737.wav,Calm
Ravdess_Augmented\1738.wav,Calm
Ravdess_Augmented\1739.wav,Calm
Ravdess_Augmented\1740.wav,Angry
Ravdess_Augmented\1741.wav,Angry
Ravdess_Augmented\1742.wav,Angry
Ravdess_Augmented\1743.wav,Angry
Ravdess_Augmented\1744.wav,Sad
Ravdess_Augmented\1745.wav,Sad
Ravdess_Augmented\1746.wav,Sad
Ravdess_Augmented\1747.wav,Sad
Ravdess_Augmented\1748.wav,Sad
Ravdess_Augmented\1749.wav,Sad
Ravdess_Augmented\1750.wav,Sad
Ravdess_Augmented\1751.wav,Sad
Ravdess_Augmented\1752.wav,Happy
Ravdess_Augmented\1753.wav,Happy
Ravdess_Augmented\1754.wav,Happy
Ravdess_Augmented\1755.wav,Happy
Ravdess_Augmented\1756.wav,Surprised
Ravdess_Augmented\1757.wav,Surprised
Ravdess_Augmented\1758.wav,Surprised
Ravdess_Augmented\1759.wav,Surprised
Ravdess_Augmented\1760.wav,Calm
Ravdess_Augmented\1761.wav,Calm
Ravdess_Augmented\1762.wav,Calm
Ravdess_Augmented\1763.wav,Calm
Ravdess_Augmented\1764.wav,Angry
Ravdess_Augmented\1765.wav,Angry
Ravdess_Augmented\1766.wav,Angry
Ravdess_Augmented\1767.wav,Angry
Ravdess_Augmented\1768.wav,Sad
Ravdess_Augmented\1769.wav,Sad
Ravdess_Augmented\1770.wav,Sad
Ravdess_Augmented\1771.wav,Sad
Ravdess_Augmented\1772.wav,Disgust
Ravdess_Augmented\1773.wav,Disgust
Ravdess_Augmented\1774.wav,Disgust
Ravdess_Augmented\1775.wav,Disgust
Ravdess_Augmented\1776.wav,Angry
Ravdess_Augmented\1777.wav,Angry
Ravdess_Augmented\1778.wav,Angry
Ravdess_Augmented\1779.wav,Angry
Ravdess_Augmented\1780.wav,Sad
Ravdess_Augmented\1781.wav,Sad
Ravdess_Augmented\1782.wav,Sad
Ravdess_Augmented\1783.wav,Sad
Ravdess_Augmented\1784.wav,Fearful
Ravdess_Augmented\1785.wav,Fearful
Ravdess_Augmented\1786.wav,Fearful
Ravdess_Augmented\1787.wav,Fearful
Ravdess_Augmented\1788.wav,Sad
Ravdess_Augmented\1789.wav,Sad
Ravdess_Augmented\1790.wav,Sad
Ravdess_Augmented\1791.wav,Sad
Ravdess_Augmented\1792.wav,Calm
Ravdess_Augmented\1793.wav,Calm
Ravdess_Augmented\1794.wav,Calm
Ravdess_Augmented\1795.wav,Calm
Ravdess_Augmented\1796.wav,Disgust
Ravdess_Augmented\1797.wav,Disgust
Ravdess_Augmented\1798.wav,Disgust
Ravdess_Augmented\1799.wav,Disgust
Ravdess_Augmented\1800.wav,Fearful
Ravdess_Augmented\1801.wav,Fearful
Ravdess_Augmented\1802.wav,Fearful
Ravdess_Augmented\1803.wav,Fearful
Ravdess_Augmented\1804.wav,Neutral
Ravdess_Augmented\1805.wav,Neutral
Ravdess_Augmented\1806.wav,Neutral
Ravdess_Augmented\1807.wav,Neutral
Ravdess_Augmented\1808.wav,Sad
Ravdess_Augmented\1809.wav,Sad
Ravdess_Augmented\1810.wav,Sad
Ravdess_Augmented\1811.wav,Sad
Ravdess_Augmented\1812.wav,Neutral
Ravdess_Augmented\1813.wav,Neutral
Ravdess_Augmented\1814.wav,Neutral
Ravdess_Augmented\1815.wav,Neutral
Ravdess_Augmented\1816.wav,Calm
Ravdess_Augmented\1817.wav,Calm
Ravdess_Augmented\1818.wav,Calm
Ravdess_Augmented\1819.wav,Calm
Ravdess_Augmented\1820.wav,Fearful
Ravdess_Augmented\1821.wav,Fearful
Ravdess_Augmented\1822.wav,Fearful
Ravdess_Augmented\1823.wav,Fearful
Ravdess_Augmented\1824.wav,Fearful
Ravdess_Augmented\1825.wav,Fearful
Ravdess_Augmented\1826.wav,Fearful
Ravdess_Augmented\1827.wav,Fearful
Ravdess_Augmented\1828.wav,Angry
Ravdess_Augmented\1829.wav,Angry
Ravdess_Augmented\1830.wav,Angry
Ravdess_Augmented\1831.wav,Angry
Ravdess_Augmented\1832.wav,Fearful
Ravdess_Augmented\1833.wav,Fearful
Ravdess_Augmented\1834.wav,Fearful
Ravdess_Augmented\1835.wav,Fearful
Ravdess_Augmented\1836.wav,Angry
Ravdess_Augmented\1837.wav,Angry
Ravdess_Augmented\1838.wav,Angry
Ravdess_Augmented\1839.wav,Angry
Ravdess_Augmented\1840.wav,Sad
Ravdess_Augmented\1841.wav,Sad
Ravdess_Augmented\1842.wav,Sad
Ravdess_Augmented\1843.wav,Sad
Ravdess_Augmented\1844.wav,Calm
Ravdess_Augmented\1845.wav,Calm
Ravdess_Augmented\1846.wav,Calm
Ravdess_Augmented\1847.wav,Calm
Ravdess_Augmented\1848.wav,Happy
Ravdess_Augmented\1849.wav,Happy
Ravdess_Augmented\1850.wav,Happy
Ravdess_Augmented\1851.wav,Happy
Ravdess_Augmented\1852.wav,Sad
Ravdess_Augmented\1853.wav,Sad
Ravdess_Augmented\1854.wav,Sad
Ravdess_Augmented\1855.wav,Sad
Ravdess_Augmented\1856.wav,Angry
Ravdess_Augmented\1857.wav,Angry
Ravdess_Augmented\1858.wav,Angry
Ravdess_Augmented\1859.wav,Angry
Ravdess_Augmented\1860.wav,Disgust
Ravdess_Augmented\1861.wav,Disgust
Ravdess_Augmented\1862.wav,Disgust
Ravdess_Augmented\1863.wav,Disgust
Ravdess_Augmented\1864.wav,Surprised
Ravdess_Augmented\1865.wav,Surprised
Ravdess_Augmented\1866.wav,Surprised
Ravdess_Augmented\1867.wav,Surprised
Ravdess_Augmented\1868.wav,Disgust
Ravdess_Augmented\1869.wav,Disgust
Ravdess_Augmented\1870.wav,Disgust
Ravdess_Augmented\1871.wav,Disgust
Ravdess_Augmented\1872.wav,Happy
Ravdess_Augmented\1873.wav,Happy
Ravdess_Augmented\1874.wav,Happy
Ravdess_Augmented\1875.wav,Happy
Ravdess_Augmented\1876.wav,Calm
Ravdess_Augmented\1877.wav,Calm
Ravdess_Augmented\1878.wav,Calm
Ravdess_Augmented\1879.wav,Calm
Ravdess_Augmented\1880.wav,Calm
Ravdess_Augmented\1881.wav,Calm
Ravdess_Augmented\1882.wav,Calm
Ravdess_Augmented\1883.wav,Calm
Ravdess_Augmented\1884.wav,Sad
Ravdess_Augmented\1885.wav,Sad
Ravdess_Augmented\1886.wav,Sad
Ravdess_Augmented\1887.wav,Sad
Ravdess_Augmented\1888.wav,Neutral
Ravdess_Augmented\1889.wav,Neutral
Ravdess_Augmented\1890.wav,Neutral
Ravdess_Augmented\1891.wav,Neutral
Ravdess_Augmented\1892.wav,Surprised
Ravdess_Augmented\1893.wav,Surprised
Ravdess_Augmented\1894.wav,Surprised
Ravdess_Augmented\1895.wav,Surprised
Ravdess_Augmented\1896.wav,Disgust
Ravdess_Augmented\1897.wav,Disgust
Ravdess_Augmented\1898.wav,Disgust
Ravdess_Augmented\1899.wav,Disgust
Ravdess_Augmented\1900.wav,Disgust
Ravdess_Augmented\1901.wav,Disgust
Ravdess_Augmented\1902.wav,Disgust
Ravdess_Augmented\1903.wav,Disgust
Ravdess_Augmented\1904.wav,Surprised
Ravdess_Augmented\1905.wav,Surprised
Ravdess_Augmented\1906.wav,Surprised
Ravdess_Augmented\1907.wav,Surprised
Ravdess_Augmented\1908.wav,Sad
Ravdess_Augmented\1909.wav,Sad
Ravdess_Augmented\1910.wav,Sad
Ravdess_Augmented\1911.wav,Sad
Ravdess_Augmented\1912.wav,Happy
Ravdess_Augmented\1913.wav,Happy
Ravdess_Augmented\1914.wav,Happy
Ravdess_Augmented\1915.wav,Happy
Ravdess_Augmented\1916.wav,Angry
Ravdess_Augmented\1917.wav,Angry
Ravdess_Augmented\1918.wav,Angry
Ravdess_Augmented\1919.wav,Angry
Ravdess_Augmented\1920.wav,Calm
Ravdess_Augmented\1921.wav,Calm
Ravdess_Augmented\1922.wav,Calm
Ravdess_Augmented\1923.wav,Calm
Ravdess_Augmented\1924.wav,Fearful
Ravdess_Augmented\1925.wav,Fearful
Ravdess_Augmented\1926.wav,Fearful
Ravdess_Augmented\1927.wav,Fearful
Ravdess_Augmented\1928.wav,Calm
Ravdess_Augmented\1929.wav,Calm
Ravdess_Augmented\1930.wav,Calm
Ravdess_Augmented\1931.wav,Calm
Ravdess_Augmented\1932.wav,Happy
Ravdess_Augmented\1933.wav,Happy
Ravdess_Augmented\1934.wav,Happy
Ravdess_Augmented\1935.wav,Happy
Ravdess_Augmented\1936.wav,Calm
Ravdess_Augmented\1937.wav,Calm
Ravdess_Augmented\1938.wav,Calm
Ravdess_Augmented\1939.wav,Calm
Ravdess_Augmented\1940.wav,Surprised
Ravdess_Augmented\1941.wav,Surprised
Ravdess_Augmented\1942.wav,Surprised
Ravdess_Augmented\1943.wav,Surprised
Ravdess_Augmented\1944.wav,Sad
Ravdess_Augmented\1945.wav,Sad
Ravdess_Augmented\1946.wav,Sad
Ravdess_Augmented\1947.wav,Sad
Ravdess_Augmented\1948.wav,Fearful
Ravdess_Augmented\1949.wav,Fearful
Ravdess_Augmented\1950.wav,Fearful
Ravdess_Augmented\1951.wav,Fearful
Ravdess_Augmented\1952.wav,Sad
Ravdess_Augmented\1953.wav,Sad
Ravdess_Augmented\1954.wav,Sad
Ravdess_Augmented\1955.wav,Sad
Ravdess_Augmented\1956.wav,Fearful
Ravdess_Augmented\1957.wav,Fearful
Ravdess_Augmented\1958.wav,Fearful
Ravdess_Augmented\1959.wav,Fearful
Ravdess_Augmented\1960.wav,Surprised
Ravdess_Augmented\1961.wav,Surprised
Ravdess_Augmented\1962.wav,Surprised
Ravdess_Augmented\1963.wav,Surprised
Ravdess_Augmented\1964.wav,Surprised
Ravdess_Augmented\1965.wav,Surprised
Ravdess_Augmented\1966.wav,Surprised
Ravdess_Augmented\1967.wav,Surprised
Ravdess_Augmented\1968.wav,Happy
Ravdess_Augmented\1969.wav,Happy
Ravdess_Augmented\1970.wav,Happy
Ravdess_Augmented\1971.wav,Happy
Ravdess_Augmented\1972.wav,Angry
Ravdess_Augmented\1973.wav,Angry
Ravdess_Augmented\1974.wav,Angry
Ravdess_Augmented\1975.wav,Angry
Ravdess_Augmented\1976.wav,Surprised
Ravdess_Augmented\1977.wav,Surprised
Ravdess_Augmented\1978.wav,Surprised
Ravdess_Augmented\1979.wav,Surprised
Ravdess_Augmented\1980.wav,Surprised
Ravdess_Augmented\1981.wav,Surprised
Ravdess_Augmented\1982.wav,Surprised
Ravdess_Augmented\1983.wav,Surprised
Ravdess_Augmented\1984.wav,Surprised
Ravdess_Augmented\1985.wav,Surprised
Ravdess_Augmented\1986.wav,Surprised
Ravdess_Augmented\1987.wav,Surprised
Ravdess_Augmented\1988.wav,Angry
Ravdess_Augmented\1989.wav,Angry
Ravdess_Augmented\1990.wav,Angry
Ravdess_Augmented\1991.wav,Angry
Ravdess_Augmented\1992.wav,Disgust
Ravdess_Augmented\1993.wav,Disgust
Ravdess_Augmented\1994.wav,Disgust
Ravdess_Augmented\1995.wav,Disgust
Ravdess_Augmented\1996.wav,Sad
Ravdess_Augmented\1997.wav,Sad
Ravdess_Augmented\1998.wav,Sad
Ravdess_Augmented\1999.wav,Sad
Ravdess_Augmented\2000.wav,Disgust
Ravdess_Augmented\2001.wav,Disgust
Ravdess_Augmented\2002.wav,Disgust
Ravdess_Augmented\2003.wav,Disgust
Ravdess_Augmented\2004.wav,Angry
Ravdess_Augmented\2005.wav,Angry
Ravdess_Augmented\2006.wav,Angry
Ravdess_Augmented\2007.wav,Angry
Ravdess_Augmented\2008.wav,Neutral
Ravdess_Augmented\2009.wav,Neutral
Ravdess_Augmented\2010.wav,Neutral
Ravdess_Augmented\2011.wav,Neutral
Ravdess_Augmented\2012.wav,Fearful
Ravdess_Augmented\2013.wav,Fearful
Ravdess_Augmented\2014.wav,Fearful
Ravdess_Augmented\2015.wav,Fearful
Ravdess_Augmented\2016.wav,Disgust
Ravdess_Augmented\2017.wav,Disgust
Ravdess_Augmented\2018.wav,Disgust
Ravdess_Augmented\2019.wav,Disgust
Ravdess_Augmented\2020.wav,Sad
Ravdess_Augmented\2021.wav,Sad
Ravdess_Augmented\2022.wav,Sad
Ravdess_Augmented\2023.wav,Sad
Ravdess_Augmented\2024.wav,Disgust
Ravdess_Augmented\2025.wav,Disgust
Ravdess_Augmented\2026.wav,Disgust
Ravdess_Augmented\2027.wav,Disgust
Ravdess_Augmented\2028.wav,Disgust
Ravdess_Augmented\2029.wav,Disgust
Ravdess_Augmented\2030.wav,Disgust
Ravdess_Augmented\2031.wav,Disgust
Ravdess_Augmented\2032.wav,Disgust
Ravdess_Augmented\2033.wav,Disgust
Ravdess_Augmented\2034.wav,Disgust
Ravdess_Augmented\2035.wav,Disgust
Ravdess_Augmented\2036.wav,Happy
Ravdess_Augmented\2037.wav,Happy
Ravdess_Augmented\2038.wav,Happy
Ravdess_Augmented\2039.wav,Happy
Ravdess_Augmented\2040.wav,Fearful
Ravdess_Augmented\2041.wav,Fearful
Ravdess_Augmented\2042.wav,Fearful
Ravdess_Augmented\2043.wav,Fearful
Ravdess_Augmented\2044.wav,Happy
Ravdess_Augmented\2045.wav,Happy
Ravdess_Augmented\2046.wav,Happy
Ravdess_Augmented\2047.wav,Happy
Ravdess_Augmented\2048.wav,Happy
Ravdess_Augmented\2049.wav,Happy
Ravdess_Augmented\2050.wav,Happy
Ravdess_Augmented\2051.wav,Happy
Ravdess_Augmented\2052.wav,Disgust
Ravdess_Augmented\2053.wav,Disgust
Ravdess_Augmented\2054.wav,Disgust
Ravdess_Augmented\2055.wav,Disgust
Ravdess_Augmented\2056.wav,Neutral
Ravdess_Augmented\2057.wav,Neutral
Ravdess_Augmented\2058.wav,Neutral
Ravdess_Augmented\2059.wav,Neutral
Ravdess_Augmented\2060.wav,Angry
Ravdess_Augmented\2061.wav,Angry
Ravdess_Augmented\2062.wav,Angry
Ravdess_Augmented\2063.wav,Angry
Ravdess_Augmented\2064.wav,Sad
Ravdess_Augmented\2065.wav,Sad
Ravdess_Augmented\2066.wav,Sad
Ravdess_Augmented\2067.wav,Sad
Ravdess_Augmented\2068.wav,Happy
Ravdess_Augmented\2069.wav,Happy
Ravdess_Augmented\2070.wav,Happy
Ravdess_Augmented\2071.wav,Happy
Ravdess_Augmented\2072.wav,Neutral
Ravdess_Augmented\2073.wav,Neutral
Ravdess_Augmented\2074.wav,Neutral
Ravdess_Augmented\2075.wav,Neutral
Ravdess_Augmented\2076.wav,Calm
Ravdess_Augmented\2077.wav,Calm
Ravdess_Augmented\2078.wav,Calm
Ravdess_Augmented\2079.wav,Calm
Ravdess_Augmented\2080.wav,Disgust
Ravdess_Augmented\2081.wav,Disgust
Ravdess_Augmented\2082.wav,Disgust
Ravdess_Augmented\2083.wav,Disgust
Ravdess_Augmented\2084.wav,Sad
Ravdess_Augmented\2085.wav,Sad
Ravdess_Augmented\2086.wav,Sad
Ravdess_Augmented\2087.wav,Sad
Ravdess_Augmented\2088.wav,Happy
Ravdess_Augmented\2089.wav,Happy
Ravdess_Augmented\2090.wav,Happy
Ravdess_Augmented\2091.wav,Happy
Ravdess_Augmented\2092.wav,Sad
Ravdess_Augmented\2093.wav,Sad
Ravdess_Augmented\2094.wav,Sad
Ravdess_Augmented\2095.wav,Sad
Ravdess_Augmented\2096.wav,Surprised
Ravdess_Augmented\2097.wav,Surprised
Ravdess_Augmented\2098.wav,Surprised
Ravdess_Augmented\2099.wav,Surprised
Ravdess_Augmented\2100.wav,Angry
Ravdess_Augmented\2101.wav,Angry
Ravdess_Augmented\2102.wav,Angry
Ravdess_Augmented\2103.wav,Angry
Ravdess_Augmented\2104.wav,Disgust
Ravdess_Augmented\2105.wav,Disgust
Ravdess_Augmented\2106.wav,Disgust
Ravdess_Augmented\2107.wav,Disgust
Ravdess_Augmented\2108.wav,Disgust
Ravdess_Augmented\2109.wav,Disgust
Ravdess_Augmented\2110.wav,Disgust
Ravdess_Augmented\2111.wav,Disgust
Ravdess_Augmented\2112.wav,Fearful
Ravdess_Augmented\2113.wav,Fearful
Ravdess_Augmented\2114.wav,Fearful
Ravdess_Augmented\2115.wav,Fearful
Ravdess_Augmented\2116.wav,Angry
Ravdess_Augmented\2117.wav,Angry
Ravdess_Augmented\2118.wav,Angry
Ravdess_Augmented\2119.wav,Angry
Ravdess_Augmented\2120.wav,Calm
Ravdess_Augmented\2121.wav,Calm
Ravdess_Augmented\2122.wav,Calm
Ravdess_Augmented\2123.wav,Calm
Ravdess_Augmented\2124.wav,Angry
Ravdess_Augmented\2125.wav,Angry
Ravdess_Augmented\2126.wav,Angry
Ravdess_Augmented\2127.wav,Angry
Ravdess_Augmented\2128.wav,Angry
Ravdess_Augmented\2129.wav,Angry
Ravdess_Augmented\2130.wav,Angry
Ravdess_Augmented\2131.wav,Angry
Ravdess_Augmented\2132.wav,Happy
Ravdess_Augmented\2133.wav,Happy
Ravdess_Augmented\2134.wav,Happy
Ravdess_Augmented\2135.wav,Happy
Ravdess_Augmented\2136.wav,Calm
Ravdess_Augmented\2137.wav,Calm
Ravdess_Augmented\2138.wav,Calm
Ravdess_Augmented\2139.wav,Calm
Ravdess_Augmented\2140.wav,Angry
Ravdess_Augmented\2141.wav,Angry
Ravdess_Augmented\2142.wav,Angry
Ravdess_Augmented\2143.wav,Angry
Ravdess_Augmented\2144.wav,Angry
Ravdess_Augmented\2145.wav,Angry
Ravdess_Augmented\2146.wav,Angry
Ravdess_Augmented\2147.wav,Angry
Ravdess_Augmented\2148.wav,Calm
Ravdess_Augmented\2149.wav,Calm
Ravdess_Augmented\2150.wav,Calm
Ravdess_Augmented\2151.wav,Calm
Ravdess_Augmented\2152.wav,Angry
Ravdess_Augmented\2153.wav,Angry
Ravdess_Augmented\2154.wav,Angry
Ravdess_Augmented\2155.wav,Angry
Ravdess_Augmented\2156.wav,Happy
Ravdess_Augmented\2157.wav,Happy
Ravdess_Augmented\2158.wav,Happy
Ravdess_Augmented\2159.wav,Happy
Ravdess_Augmented\2160.wav,Surprised
Ravdess_Augmented\2161.wav,Surprised
Ravdess_Augmented\2162.wav,Surprised
Ravdess_Augmented\2163.wav,Surprised
Ravdess_Augmented\2164.wav,Surprised
Ravdess_Augmented\2165.wav,Surprised
Ravdess_Augmented\2166.wav,Surprised
Ravdess_Augmented\2167.wav,Surprised
Ravdess_Augmented\2168.wav,Sad
Ravdess_Augmented\2169.wav,Sad
Ravdess_Augmented\2170.wav,Sad
Ravdess_Augmented\2171.wav,Sad
Ravdess_Augmented\2172.wav,Neutral
Ravdess_Augmented\2173.wav,Neutral
Ravdess_Augmented\2174.wav,Neutral
Ravdess_Augmented\2175.wav,Neutral
Ravdess_Augmented\2176.wav,Happy
Ravdess_Augmented\2177.wav,Happy
Ravdess_Augmented\2178.wav,Happy
Ravdess_Augmented\2179.wav,Happy
Ravdess_Augmented\2180.wav,Happy
Ravdess_Augmented\2181.wav,Happy
Ravdess_Augmented\2182.wav,Happy
Ravdess_Augmented\2183.wav,Happy
Ravdess_Augmented\2184.wav,Angry
Ravdess_Augmented\2185.wav,Angry
Ravdess_Augmented\2186.wav,Angry
Ravdess_Augmented\2187.wav,Angry
Ravdess_Augmented\2188.wav,Calm
Ravdess_Augmented\2189.wav,Calm
Ravdess_Augmented\2190.wav,Calm
Ravdess_Augmented\2191.wav,Calm
Ravdess_Augmented\2192.wav,Disgust
Ravdess_Augmented\2193.wav,Disgust
Ravdess_Augmented\2194.wav,Disgust
Ravdess_Augmented\2195.wav,Disgust
Ravdess_Augmented\2196.wav,Fearful
Ravdess_Augmented\2197.wav,Fearful
Ravdess_Augmented\2198.wav,Fearful
Ravdess_Augmented\2199.wav,Fearful
Ravdess_Augmented\2200.wav,Surprised
Ravdess_Augmented\2201.wav,Surprised
Ravdess_Augmented\2202.wav,Surprised
Ravdess_Augmented\2203.wav,Surprised
Ravdess_Augmented\2204.wav,Neutral
Ravdess_Augmented\2205.wav,Neutral
Ravdess_Augmented\2206.wav,Neutral
Ravdess_Augmented\2207.wav,Neutral
Ravdess_Augmented\2208.wav,Sad
Ravdess_Augmented\2209.wav,Sad
Ravdess_Augmented\2210.wav,Sad
Ravdess_Augmented\2211.wav,Sad
Ravdess_Augmented\2212.wav,Fearful
Ravdess_Augmented\2213.wav,Fearful
Ravdess_Augmented\2214.wav,Fearful
Ravdess_Augmented\2215.wav,Fearful
Ravdess_Augmented\2216.wav,Calm
Ravdess_Augmented\2217.wav,Calm
Ravdess_Augmented\2218.wav,Calm
Ravdess_Augmented\2219.wav,Calm
Ravdess_Augmented\2220.wav,Fearful
Ravdess_Augmented\2221.wav,Fearful
Ravdess_Augmented\2222.wav,Fearful
Ravdess_Augmented\2223.wav,Fearful
Ravdess_Augmented\2224.wav,Sad
Ravdess_Augmented\2225.wav,Sad
Ravdess_Augmented\2226.wav,Sad
Ravdess_Augmented\2227.wav,Sad
Ravdess_Augmented\2228.wav,Disgust
Ravdess_Augmented\2229.wav,Disgust
Ravdess_Augmented\2230.wav,Disgust
Ravdess_Augmented\2231.wav,Disgust
Ravdess_Augmented\2232.wav,Disgust
Ravdess_Augmented\2233.wav,Disgust
Ravdess_Augmented\2234.wav,Disgust
Ravdess_Augmented\2235.wav,Disgust
Ravdess_Augmented\2236.wav,Sad
Ravdess_Augmented\2237.wav,Sad
Ravdess_Augmented\2238.wav,Sad
Ravdess_Augmented\2239.wav,Sad
Ravdess_Augmented\2240.wav,Angry
Ravdess_Augmented\2241.wav,Angry
Ravdess_Augmented\2242.wav,Angry
Ravdess_Augmented\2243.wav,Angry
Ravdess_Augmented\2244.wav,Angry
Ravdess_Augmented\2245.wav,Angry
Ravdess_Augmented\2246.wav,Angry
Ravdess_Augmented\2247.wav,Angry
Ravdess_Augmented\2248.wav,Neutral
Ravdess_Augmented\2249.wav,Neutral
Ravdess_Augmented\2250.wav,Neutral
Ravdess_Augmented\2251.wav,Neutral
Ravdess_Augmented\2252.wav,Sad
Ravdess_Augmented\2253.wav,Sad
Ravdess_Augmented\2254.wav,Sad
Ravdess_Augmented\2255.wav,Sad
Ravdess_Augmented\2256.wav,Disgust
Ravdess_Augmented\2257.wav,Disgust
Ravdess_Augmented\2258.wav,Disgust
Ravdess_Augmented\2259.wav,Disgust
Ravdess_Augmented\2260.wav,Angry
Ravdess_Augmented\2261.wav,Angry
Ravdess_Augmented\2262.wav,Angry
Ravdess_Augmented\2263.wav,Angry
Ravdess_Augmented\2264.wav,Surprised
Ravdess_Augmented\2265.wav,Surprised
Ravdess_Augmented\2266.wav,Surprised
Ravdess_Augmented\2267.wav,Surprised
Ravdess_Augmented\2268.wav,Neutral
Ravdess_Augmented\2269.wav,Neutral
Ravdess_Augmented\2270.wav,Neutral
Ravdess_Augmented\2271.wav,Neutral
Ravdess_Augmented\2272.wav,Calm
Ravdess_Augmented\2273.wav,Calm
Ravdess_Augmented\2274.wav,Calm
Ravdess_Augmented\2275.wav,Calm
Ravdess_Augmented\2276.wav,Sad
Ravdess_Augmented\2277.wav,Sad
Ravdess_Augmented\2278.wav,Sad
Ravdess_Augmented\2279.wav,Sad
Ravdess_Augmented\2280.wav,Happy
Ravdess_Augmented\2281.wav,Happy
Ravdess_Augmented\2282.wav,Happy
Ravdess_Augmented\2283.wav,Happy
Ravdess_Augmented\2284.wav,Calm
Ravdess_Augmented\2285.wav,Calm
Ravdess_Augmented\2286.wav,Calm
Ravdess_Augmented\2287.wav,Calm
Ravdess_Augmented\2288.wav,Surprised
Ravdess_Augmented\2289.wav,Surprised
Ravdess_Augmented\2290.wav,Surprised
Ravdess_Augmented\2291.wav,Surprised
Ravdess_Augmented\2292.wav,Happy
Ravdess_Augmented\2293.wav,Happy
Ravdess_Augmented\2294.wav,Happy
Ravdess_Augmented\2295.wav,Happy
Ravdess_Augmented\2296.wav,Surprised
Ravdess_Augmented\2297.wav,Surprised
Ravdess_Augmented\2298.wav,Surprised
Ravdess_Augmented\2299.wav,Surprised
Ravdess_Augmented\2300.wav,Disgust
Ravdess_Augmented\2301.wav,Disgust
Ravdess_Augmented\2302.wav,Disgust
Ravdess_Augmented\2303.wav,Disgust
Ravdess_Augmented\2304.wav,Fearful
Ravdess_Augmented\2305.wav,Fearful
Ravdess_Augmented\2306.wav,Fearful
Ravdess_Augmented\2307.wav,Fearful
Ravdess_Augmented\2308.wav,Neutral
Ravdess_Augmented\2309.wav,Neutral
Ravdess_Augmented\2310.wav,Neutral
Ravdess_Augmented\2311.wav,Neutral
Ravdess_Augmented\2312.wav,Happy
Ravdess_Augmented\2313.wav,Happy
Ravdess_Augmented\2314.wav,Happy
Ravdess_Augmented\2315.wav,Happy
Ravdess_Augmented\2316.wav,Calm
Ravdess_Augmented\2317.wav,Calm
Ravdess_Augmented\2318.wav,Calm
Ravdess_Augmented\2319.wav,Calm
Ravdess_Augmented\2320.wav,Happy
Ravdess_Augmented\2321.wav,Happy
Ravdess_Augmented\2322.wav,Happy
Ravdess_Augmented\2323.wav,Happy
Ravdess_Augmented\2324.wav,Surprised
Ravdess_Augmented\2325.wav,Surprised
Ravdess_Augmented\2326.wav,Surprised
Ravdess_Augmented\2327.wav,Surprised
Ravdess_Augmented\2328.wav,Fearful
Ravdess_Augmented\2329.wav,Fearful
Ravdess_Augmented\2330.wav,Fearful
Ravdess_Augmented\2331.wav,Fearful
Ravdess_Augmented\2332.wav,Disgust
Ravdess_Augmented\2333.wav,Disgust
Ravdess_Augmented\2334.wav,Disgust
Ravdess_Augmented\2335.wav,Disgust
Ravdess_Augmented\2336.wav,Sad
Ravdess_Augmented\2337.wav,Sad
Ravdess_Augmented\2338.wav,Sad
Ravdess_Augmented\2339.wav,Sad
Ravdess_Augmented\2340.wav,Angry
Ravdess_Augmented\2341.wav,Angry
Ravdess_Augmented\2342.wav,Angry
Ravdess_Augmented\2343.wav,Angry
Ravdess_Augmented\2344.wav,Sad
Ravdess_Augmented\2345.wav,Sad
Ravdess_Augmented\2346.wav,Sad
Ravdess_Augmented\2347.wav,Sad
Ravdess_Augmented\2348.wav,Happy
Ravdess_Augmented\2349.wav,Happy
Ravdess_Augmented\2350.wav,Happy
Ravdess_Augmented\2351.wav,Happy
Ravdess_Augmented\2352.wav,Calm
Ravdess_Augmented\2353.wav,Calm
Ravdess_Augmented\2354.wav,Calm
Ravdess_Augmented\2355.wav,Calm
Ravdess_Augmented\2356.wav,Fearful
Ravdess_Augmented\2357.wav,Fearful
Ravdess_Augmented\2358.wav,Fearful
Ravdess_Augmented\2359.wav,Fearful
Ravdess_Augmented\2360.wav,Surprised
Ravdess_Augmented\2361.wav,Surprised
Ravdess_Augmented\2362.wav,Surprised
Ravdess_Augmented\2363.wav,Surprised
Ravdess_Augmented\2364.wav,Happy
Ravdess_Augmented\2365.wav,Happy
Ravdess_Augmented\2366.wav,Happy
Ravdess_Augmented\2367.wav,Happy
Ravdess_Augmented\2368.wav,Calm
Ravdess_Augmented\2369.wav,Calm
Ravdess_Augmented\2370.wav,Calm
Ravdess_Augmented\2371.wav,Calm
Ravdess_Augmented\2372.wav,Calm
Ravdess_Augmented\2373.wav,Calm
Ravdess_Augmented\2374.wav,Calm
Ravdess_Augmented\2375.wav,Calm
Ravdess_Augmented\2376.wav,Sad
Ravdess_Augmented\2377.wav,Sad
Ravdess_Augmented\2378.wav,Sad
Ravdess_Augmented\2379.wav,Sad
Ravdess_Augmented\2380.wav,Surprised
Ravdess_Augmented\2381.wav,Surprised
Ravdess_Augmented\2382.wav,Surprised
Ravdess_Augmented\2383.wav,Surprised
Ravdess_Augmented\2384.wav,Calm
Ravdess_Augmented\2385.wav,Calm
Ravdess_Augmented\2386.wav,Calm
Ravdess_Augmented\2387.wav,Calm
Ravdess_Augmented\2388.wav,Surprised
Ravdess_Augmented\2389.wav,Surprised
Ravdess_Augmented\2390.wav,Surprised
Ravdess_Augmented\2391.wav,Surprised
Ravdess_Augmented\2392.wav,Disgust
Ravdess_Augmented\2393.wav,Disgust
Ravdess_Augmented\2394.wav,Disgust
Ravdess_Augmented\2395.wav,Disgust
Ravdess_Augmented\2396.wav,Fearful
Ravdess_Augmented\2397.wav,Fearful
Ravdess_Augmented\2398.wav,Fearful
Ravdess_Augmented\2399.wav,Fearful
Ravdess_Augmented\2400.wav,Happy
Ravdess_Augmented\2401.wav,Happy
Ravdess_Augmented\2402.wav,Happy
Ravdess_Augmented\2403.wav,Happy
Ravdess_Augmented\2404.wav,Disgust
Ravdess_Augmented\2405.wav,Disgust
Ravdess_Augmented\2406.wav,Disgust
Ravdess_Augmented\2407.wav,Disgust
Ravdess_Augmented\2408.wav,Angry
Ravdess_Augmented\2409.wav,Angry
Ravdess_Augmented\2410.wav,Angry
Ravdess_Augmented\2411.wav,Angry
Ravdess_Augmented\2412.wav,Sad
Ravdess_Augmented\2413.wav,Sad
Ravdess_Augmented\2414.wav,Sad
Ravdess_Augmented\2415.wav,Sad
Ravdess_Augmented\2416.wav,Disgust
Ravdess_Augmented\2417.wav,Disgust
Ravdess_Augmented\2418.wav,Disgust
Ravdess_Augmented\2419.wav,Disgust
Ravdess_Augmented\2420.wav,Fearful
Ravdess_Augmented\2421.wav,Fearful
Ravdess_Augmented\2422.wav,Fearful
Ravdess_Augmented\2423.wav,Fearful
Ravdess_Augmented\2424.wav,Happy
Ravdess_Augmented\2425.wav,Happy
Ravdess_Augmented\2426.wav,Happy
Ravdess_Augmented\2427.wav,Happy
Ravdess_Augmented\2428.wav,Happy
Ravdess_Augmented\2429.wav,Happy
Ravdess_Augmented\2430.wav,Happy
Ravdess_Augmented\2431.wav,Happy
Ravdess_Augmented\2432.wav,Angry
Ravdess_Augmented\2433.wav,Angry
Ravdess_Augmented\2434.wav,Angry
Ravdess_Augmented\2435.wav,Angry
Ravdess_Augmented\2436.wav,Surprised
Ravdess_Augmented\2437.wav,Surprised
Ravdess_Augmented\2438.wav,Surprised
Ravdess_Augmented\2439.wav,Surprised
Ravdess_Augmented\2440.wav,Angry
Ravdess_Augmented\2441.wav,Angry
Ravdess_Augmented\2442.wav,Angry
Ravdess_Augmented\2443.wav,Angry
Ravdess_Augmented\2444.wav,Calm
Ravdess_Augmented\2445.wav,Calm
Ravdess_Augmented\2446.wav,Calm
Ravdess_Augmented\2447.wav,Calm
Ravdess_Augmented\2448.wav,Calm
Ravdess_Augmented\2449.wav,Calm
Ravdess_Augmented\2450.wav,Calm
Ravdess_Augmented\2451.wav,Calm
Ravdess_Augmented\2452.wav,Sad
Ravdess_Augmented\2453.wav,Sad
Ravdess_Augmented\2454.wav,Sad
Ravdess_Augmented\2455.wav,Sad
Ravdess_Augmented\2456.wav,Surprised
Ravdess_Augmented\2457.wav,Surprised
Ravdess_Augmented\2458.wav,Surprised
Ravdess_Augmented\2459.wav,Surprised
Ravdess_Augmented\2460.wav,Sad
Ravdess_Augmented\2461.wav,Sad
Ravdess_Augmented\2462.wav,Sad
Ravdess_Augmented\2463.wav,Sad
Ravdess_Augmented\2464.wav,Sad
Ravdess_Augmented\2465.wav,Sad
Ravdess_Augmented\2466.wav,Sad
Ravdess_Augmented\2467.wav,Sad
Ravdess_Augmented\2468.wav,Sad
Ravdess_Augmented\2469.wav,Sad
Ravdess_Augmented\2470.wav,Sad
Ravdess_Augmented\2471.wav,Sad
Ravdess_Augmented\2472.wav,Happy
Ravdess_Augmented\2473.wav,Happy
Ravdess_Augmented\2474.wav,Happy
Ravdess_Augmented\2475.wav,Happy
Ravdess_Augmented\2476.wav,Fearful
Ravdess_Augmented\2477.wav,Fearful
Ravdess_Augmented\2478.wav,Fearful
Ravdess_Augmented\2479.wav,Fearful
Ravdess_Augmented\2480.wav,Surprised
Ravdess_Augmented\2481.wav,Surprised
Ravdess_Augmented\2482.wav,Surprised
Ravdess_Augmented\2483.wav,Surprised
Ravdess_Augmented\2484.wav,Surprised
Ravdess_Augmented\2485.wav,Surprised
Ravdess_Augmented\2486.wav,Surprised
Ravdess_Augmented\2487.wav,Surprised
Ravdess_Augmented\2488.wav,Happy
Ravdess_Augmented\2489.wav,Happy
Ravdess_Augmented\2490.wav,Happy
Ravdess_Augmented\2491.wav,Happy
Ravdess_Augmented\2492.wav,Fearful
Ravdess_Augmented\2493.wav,Fearful
Ravdess_Augmented\2494.wav,Fearful
Ravdess_Augmented\2495.wav,Fearful
Ravdess_Augmented\2496.wav,Angry
Ravdess_Augmented\2497.wav,Angry
Ravdess_Augmented\2498.wav,Angry
Ravdess_Augmented\2499.wav,Angry
Ravdess_Augmented\2500.wav,Angry
Ravdess_Augmented\2501.wav,Angry
Ravdess_Augmented\2502.wav,Angry
Ravdess_Augmented\2503.wav,Angry
Ravdess_Augmented\2504.wav,Sad
Ravdess_Augmented\2505.wav,Sad
Ravdess_Augmented\2506.wav,Sad
Ravdess_Augmented\2507.wav,Sad
Ravdess_Augmented\2508.wav,Sad
Ravdess_Augmented\2509.wav,Sad
Ravdess_Augmented\2510.wav,Sad
Ravdess_Augmented\2511.wav,Sad
Ravdess_Augmented\2512.wav,Fearful
Ravdess_Augmented\2513.wav,Fearful
Ravdess_Augmented\2514.wav,Fearful
Ravdess_Augmented\2515.wav,Fearful
Ravdess_Augmented\2516.wav,Disgust
Ravdess_Augmented\2517.wav,Disgust
Ravdess_Augmented\2518.wav,Disgust
Ravdess_Augmented\2519.wav,Disgust
Ravdess_Augmented\2520.wav,Surprised
Ravdess_Augmented\2521.wav,Surprised
Ravdess_Augmented\2522.wav,Surprised
Ravdess_Augmented\2523.wav,Surprised
Ravdess_Augmented\2524.wav,Disgust
Ravdess_Augmented\2525.wav,Disgust
Ravdess_Augmented\2526.wav,Disgust
Ravdess_Augmented\2527.wav,Disgust
Ravdess_Augmented\2528.wav,Calm
Ravdess_Augmented\2529.wav,Calm
Ravdess_Augmented\2530.wav,Calm
Ravdess_Augmented\2531.wav,Calm
Ravdess_Augmented\2532.wav,Disgust
Ravdess_Augmented\2533.wav,Disgust
Ravdess_Augmented\2534.wav,Disgust
Ravdess_Augmented\2535.wav,Disgust
Ravdess_Augmented\2536.wav,Calm
Ravdess_Augmented\2537.wav,Calm
Ravdess_Augmented\2538.wav,Calm
Ravdess_Augmented\2539.wav,Calm
Ravdess_Augmented\2540.wav,Neutral
Ravdess_Augmented\2541.wav,Neutral
Ravdess_Augmented\2542.wav,Neutral
Ravdess_Augmented\2543.wav,Neutral
Ravdess_Augmented\2544.wav,Fearful
Ravdess_Augmented\2545.wav,Fearful
Ravdess_Augmented\2546.wav,Fearful
Ravdess_Augmented\2547.wav,Fearful
Ravdess_Augmented\2548.wav,Angry
Ravdess_Augmented\2549.wav,Angry
Ravdess_Augmented\2550.wav,Angry
Ravdess_Augmented\2551.wav,Angry
Ravdess_Augmented\2552.wav,Surprised
Ravdess_Augmented\2553.wav,Surprised
Ravdess_Augmented\2554.wav,Surprised
Ravdess_Augmented\2555.wav,Surprised
Ravdess_Augmented\2556.wav,Surprised
Ravdess_Augmented\2557.wav,Surprised
Ravdess_Augmented\2558.wav,Surprised
Ravdess_Augmented\2559.wav,Surprised
Ravdess_Augmented\2560.wav,Surprised
Ravdess_Augmented\2561.wav,Surprised
Ravdess_Augmented\2562.wav,Surprised
Ravdess_Augmented\2563.wav,Surprised
Ravdess_Augmented\2564.wav,Calm
Ravdess_Augmented\2565.wav,Calm
Ravdess_Augmented\2566.wav,Calm
Ravdess_Augmented\2567.wav,Calm
Ravdess_Augmented\2568.wav,Surprised
Ravdess_Augmented\2569.wav,Surprised
Ravdess_Augmented\2570.wav,Surprised
Ravdess_Augmented\2571.wav,Surprised
Ravdess_Augmented\2572.wav,Calm
Ravdess_Augmented\2573.wav,Calm
Ravdess_Augmented\2574.wav,Calm
Ravdess_Augmented\2575.wav,Calm
Ravdess_Augmented\2576.wav,Fearful
Ravdess_Augmented\2577.wav,Fearful
Ravdess_Augmented\2578.wav,Fearful
Ravdess_Augmented\2579.wav,Fearful
Ravdess_Augmented\2580.wav,Calm
Ravdess_Augmented\2581.wav,Calm
Ravdess_Augmented\2582.wav,Calm
Ravdess_Augmented\2583.wav,Calm
Ravdess_Augmented\2584.wav,Disgust
Ravdess_Augmented\2585.wav,Disgust
Ravdess_Augmented\2586.wav,Disgust
Ravdess_Augmented\2587.wav,Disgust
Ravdess_Augmented\2588.wav,Neutral
Ravdess_Augmented\2589.wav,Neutral
Ravdess_Augmented\2590.wav,Neutral
Ravdess_Augmented\2591.wav,Neutral
Ravdess_Augmented\2592.wav,Calm
Ravdess_Augmented\2593.wav,Calm
Ravdess_Augmented\2594.wav,Calm
Ravdess_Augmented\2595.wav,Calm
Ravdess_Augmented\2596.wav,Sad
Ravdess_Augmented\2597.wav,Sad
Ravdess_Augmented\2598.wav,Sad
Ravdess_Augmented\2599.wav,Sad
Ravdess_Augmented\2600.wav,Happy
Ravdess_Augmented\2601.wav,Happy
Ravdess_Augmented\2602.wav,Happy
Ravdess_Augmented\2603.wav,Happy
Ravdess_Augmented\2604.wav,Disgust
Ravdess_Augmented\2605.wav,Disgust
Ravdess_Augmented\2606.wav,Disgust
Ravdess_Augmented\2607.wav,Disgust
Ravdess_Augmented\2608.wav,Happy
Ravdess_Augmented\2609.wav,Happy
Ravdess_Augmented\2610.wav,Happy
Ravdess_Augmented\2611.wav,Happy
Ravdess_Augmented\2612.wav,Sad
Ravdess_Augmented\2613.wav,Sad
Ravdess_Augmented\2614.wav,Sad
Ravdess_Augmented\2615.wav,Sad
Ravdess_Augmented\2616.wav,Happy
Ravdess_Augmented\2617.wav,Happy
Ravdess_Augmented\2618.wav,Happy
Ravdess_Augmented\2619.wav,Happy
Ravdess_Augmented\2620.wav,Surprised
Ravdess_Augmented\2621.wav,Surprised
Ravdess_Augmented\2622.wav,Surprised
Ravdess_Augmented\2623.wav,Surprised
Ravdess_Augmented\2624.wav,Sad
Ravdess_Augmented\2625.wav,Sad
Ravdess_Augmented\2626.wav,Sad
Ravdess_Augmented\2627.wav,Sad
Ravdess_Augmented\2628.wav,Surprised
Ravdess_Augmented\2629.wav,Surprised
Ravdess_Augmented\2630.wav,Surprised
Ravdess_Augmented\2631.wav,Surprised
Ravdess_Augmented\2632.wav,Disgust
Ravdess_Augmented\2633.wav,Disgust
Ravdess_Augmented\2634.wav,Disgust
Ravdess_Augmented\2635.wav,Disgust
Ravdess_Augmented\2636.wav,Surprised
Ravdess_Augmented\2637.wav,Surprised
Ravdess_Augmented\2638.wav,Surprised
Ravdess_Augmented\2639.wav,Surprised
Ravdess_Augmented\2640.wav,Fearful
Ravdess_Augmented\2641.wav,Fearful
Ravdess_Augmented\2642.wav,Fearful
Ravdess_Augmented\2643.wav,Fearful
Ravdess_Augmented\2644.wav,Sad
Ravdess_Augmented\2645.wav,Sad
Ravdess_Augmented\2646.wav,Sad
Ravdess_Augmented\2647.wav,Sad
Ravdess_Augmented\2648.wav,Disgust
Ravdess_Augmented\2649.wav,Disgust
Ravdess_Augmented\2650.wav,Disgust
Ravdess_Augmented\2651.wav,Disgust
Ravdess_Augmented\2652.wav,Surprised
Ravdess_Augmented\2653.wav,Surprised
Ravdess_Augmented\2654.wav,Surprised
Ravdess_Augmented\2655.wav,Surprised
Ravdess_Augmented\2656.wav,Calm
Ravdess_Augmented\2657.wav,Calm
Ravdess_Augmented\2658.wav,Calm
Ravdess_Augmented\2659.wav,Calm
Ravdess_Augmented\2660.wav,Surprised
Ravdess_Augmented\2661.wav,Surprised
Ravdess_Augmented\2662.wav,Surprised
Ravdess_Augmented\2663.wav,Surprised
Ravdess_Augmented\2664.wav,Sad
Ravdess_Augmented\2665.wav,Sad
Ravdess_Augmented\2666.wav,Sad
Ravdess_Augmented\2667.wav,Sad
Ravdess_Augmented\2668.wav,Angry
Ravdess_Augmented\2669.wav,Angry
Ravdess_Augmented\2670.wav,Angry
Ravdess_Augmented\2671.wav,Angry
Ravdess_Augmented\2672.wav,Fearful
Ravdess_Augmented\2673.wav,Fearful
Ravdess_Augmented\2674.wav,Fearful
Ravdess_Augmented\2675.wav,Fearful
Ravdess_Augmented\2676.wav,Neutral
Ravdess_Augmented\2677.wav,Neutral
Ravdess_Augmented\2678.wav,Neutral
Ravdess_Augmented\2679.wav,Neutral
Ravdess_Augmented\2680.wav,Disgust
Ravdess_Augmented\2681.wav,Disgust
Ravdess_Augmented\2682.wav,Disgust
Ravdess_Augmented\2683.wav,Disgust
Ravdess_Augmented\2684.wav,Surprised
Ravdess_Augmented\2685.wav,Surprised
Ravdess_Augmented\2686.wav,Surprised
Ravdess_Augmented\2687.wav,Surprised
Ravdess_Augmented\2688.wav,Happy
Ravdess_Augmented\2689.wav,Happy
Ravdess_Augmented\2690.wav,Happy
Ravdess_Augmented\2691.wav,Happy
Ravdess_Augmented\2692.wav,Calm
Ravdess_Augmented\2693.wav,Calm
Ravdess_Augmented\2694.wav,Calm
Ravdess_Augmented\2695.wav,Calm
Ravdess_Augmented\2696.wav,Neutral
Ravdess_Augmented\2697.wav,Neutral
Ravdess_Augmented\2698.wav,Neutral
Ravdess_Augmented\2699.wav,Neutral
Ravdess_Augmented\2700.wav,Angry
Ravdess_Augmented\2701.wav,Angry
Ravdess_Augmented\2702.wav,Angry
Ravdess_Augmented\2703.wav,Angry
Ravdess_Augmented\2704.wav,Fearful
Ravdess_Augmented\2705.wav,Fearful
Ravdess_Augmented\2706.wav,Fearful
Ravdess_Augmented\2707.wav,Fearful
Ravdess_Augmented\2708.wav,Sad
Ravdess_Augmented\2709.wav,Sad
Ravdess_Augmented\2710.wav,Sad
Ravdess_Augmented\2711.wav,Sad
Ravdess_Augmented\2712.wav,Fearful
Ravdess_Augmented\2713.wav,Fearful
Ravdess_Augmented\2714.wav,Fearful
Ravdess_Augmented\2715.wav,Fearful
Ravdess_Augmented\2716.wav,Sad
Ravdess_Augmented\2717.wav,Sad
Ravdess_Augmented\2718.wav,Sad
Ravdess_Augmented\2719.wav,Sad
Ravdess_Augmented\2720.wav,Happy
Ravdess_Augmented\2721.wav,Happy
Ravdess_Augmented\2722.wav,Happy
Ravdess_Augmented\2723.wav,Happy
Ravdess_Augmented\2724.wav,Disgust
Ravdess_Augmented\2725.wav,Disgust
Ravdess_Augmented\2726.wav,Disgust
Ravdess_Augmented\2727.wav,Disgust
Ravdess_Augmented\2728.wav,Sad
Ravdess_Augmented\2729.wav,Sad
Ravdess_Augmented\2730.wav,Sad
Ravdess_Augmented\2731.wav,Sad
Ravdess_Augmented\2732.wav,Fearful
Ravdess_Augmented\2733.wav,Fearful
Ravdess_Augmented\2734.wav,Fearful
Ravdess_Augmented\2735.wav,Fearful
Ravdess_Augmented\2736.wav,Angry
Ravdess_Augmented\2737.wav,Angry
Ravdess_Augmented\2738.wav,Angry
Ravdess_Augmented\2739.wav,Angry
Ravdess_Augmented\2740.wav,Neutral
Ravdess_Augmented\2741.wav,Neutral
Ravdess_Augmented\2742.wav,Neutral
Ravdess_Augmented\2743.wav,Neutral
Ravdess_Augmented\2744.wav,Angry
Ravdess_Augmented\2745.wav,Angry
Ravdess_Augmented\2746.wav,Angry
Ravdess_Augmented\2747.wav,Angry
Ravdess_Augmented\2748.wav,Angry
Ravdess_Augmented\2749.wav,Angry
Ravdess_Augmented\2750.wav,Angry
Ravdess_Augmented\2751.wav,Angry
Ravdess_Augmented\2752.wav,Fearful
Ravdess_Augmented\2753.wav,Fearful
Ravdess_Augmented\2754.wav,Fearful
Ravdess_Augmented\2755.wav,Fearful
Ravdess_Augmented\2756.wav,Happy
Ravdess_Augmented\2757.wav,Happy
Ravdess_Augmented\2758.wav,Happy
Ravdess_Augmented\2759.wav,Happy
Ravdess_Augmented\2760.wav,Calm
Ravdess_Augmented\2761.wav,Calm
Ravdess_Augmented\2762.wav,Calm
Ravdess_Augmented\2763.wav,Calm
Ravdess_Augmented\2764.wav,Disgust
Ravdess_Augmented\2765.wav,Disgust
Ravdess_Augmented\2766.wav,Disgust
Ravdess_Augmented\2767.wav,Disgust
Ravdess_Augmented\2768.wav,Neutral
Ravdess_Augmented\2769.wav,Neutral
Ravdess_Augmented\2770.wav,Neutral
Ravdess_Augmented\2771.wav,Neutral
Ravdess_Augmented\2772.wav,Surprised
Ravdess_Augmented\2773.wav,Surprised
Ravdess_Augmented\2774.wav,Surprised
Ravdess_Augmented\2775.wav,Surprised
Ravdess_Augmented\2776.wav,Disgust
Ravdess_Augmented\2777.wav,Disgust
Ravdess_Augmented\2778.wav,Disgust
Ravdess_Augmented\2779.wav,Disgust
Ravdess_Augmented\2780.wav,Happy
Ravdess_Augmented\2781.wav,Happy
Ravdess_Augmented\2782.wav,Happy
Ravdess_Augmented\2783.wav,Happy
Ravdess_Augmented\2784.wav,Surprised
Ravdess_Augmented\2785.wav,Surprised
Ravdess_Augmented\2786.wav,Surprised
Ravdess_Augmented\2787.wav,Surprised
Ravdess_Augmented\2788.wav,Happy
Ravdess_Augmented\2789.wav,Happy
Ravdess_Augmented\2790.wav,Happy
Ravdess_Augmented\2791.wav,Happy
Ravdess_Augmented\2792.wav,Neutral
Ravdess_Augmented\2793.wav,Neutral
Ravdess_Augmented\2794.wav,Neutral
Ravdess_Augmented\2795.wav,Neutral
Ravdess_Augmented\2796.wav,Sad
Ravdess_Augmented\2797.wav,Sad
Ravdess_Augmented\2798.wav,Sad
Ravdess_Augmented\2799.wav,Sad
Ravdess_Augmented\2800.wav,Disgust
Ravdess_Augmented\2801.wav,Disgust
Ravdess_Augmented\2802.wav,Disgust
Ravdess_Augmented\2803.wav,Disgust
Ravdess_Augmented\2804.wav,Angry
Ravdess_Augmented\2805.wav,Angry
Ravdess_Augmented\2806.wav,Angry
Ravdess_Augmented\2807.wav,Angry
Ravdess_Augmented\2808.wav,Surprised
Ravdess_Augmented\2809.wav,Surprised
Ravdess_Augmented\2810.wav,Surprised
Ravdess_Augmented\2811.wav,Surprised
Ravdess_Augmented\2812.wav,Disgust
Ravdess_Augmented\2813.wav,Disgust
Ravdess_Augmented\2814.wav,Disgust
Ravdess_Augmented\2815.wav,Disgust
Ravdess_Augmented\2816.wav,Calm
Ravdess_Augmented\2817.wav,Calm
Ravdess_Augmented\2818.wav,Calm
Ravdess_Augmented\2819.wav,Calm
Ravdess_Augmented\2820.wav,Surprised
Ravdess_Augmented\2821.wav,Surprised
Ravdess_Augmented\2822.wav,Surprised
Ravdess_Augmented\2823.wav,Surprised
Ravdess_Augmented\2824.wav,Calm
Ravdess_Augmented\2825.wav,Calm
Ravdess_Augmented\2826.wav,Calm
Ravdess_Augmented\2827.wav,Calm
Ravdess_Augmented\2828.wav,Surprised
Ravdess_Augmented\2829.wav,Surprised
Ravdess_Augmented\2830.wav,Surprised
Ravdess_Augmented\2831.wav,Surprised
Ravdess_Augmented\2832.wav,Sad
Ravdess_Augmented\2833.wav,Sad
Ravdess_Augmented\2834.wav,Sad
Ravdess_Augmented\2835.wav,Sad
Ravdess_Augmented\2836.wav,Neutral
Ravdess_Augmented\2837.wav,Neutral
Ravdess_Augmented\2838.wav,Neutral
Ravdess_Augmented\2839.wav,Neutral
Ravdess_Augmented\2840.wav,Happy
Ravdess_Augmented\2841.wav,Happy
Ravdess_Augmented\2842.wav,Happy
Ravdess_Augmented\2843.wav,Happy
Ravdess_Augmented\2844.wav,Neutral
Ravdess_Augmented\2845.wav,Neutral
Ravdess_Augmented\2846.wav,Neutral
Ravdess_Augmented\2847.wav,Neutral
Ravdess_Augmented\2848.wav,Neutral
Ravdess_Augmented\2849.wav,Neutral
Ravdess_Augmented\2850.wav,Neutral
Ravdess_Augmented\2851.wav,Neutral
Ravdess_Augmented\2852.wav,Angry
Ravdess_Augmented\2853.wav,Angry
Ravdess_Augmented\2854.wav,Angry
Ravdess_Augmented\2855.wav,Angry
Ravdess_Augmented\2856.wav,Sad
Ravdess_Augmented\2857.wav,Sad
Ravdess_Augmented\2858.wav,Sad
Ravdess_Augmented\2859.wav,Sad
Ravdess_Augmented\2860.wav,Sad
Ravdess_Augmented\2861.wav,Sad
Ravdess_Augmented\2862.wav,Sad
Ravdess_Augmented\2863.wav,Sad
Ravdess_Augmented\2864.wav,Calm
Ravdess_Augmented\2865.wav,Calm
Ravdess_Augmented\2866.wav,Calm
Ravdess_Augmented\2867.wav,Calm
Ravdess_Augmented\2868.wav,Disgust
Ravdess_Augmented\2869.wav,Disgust
Ravdess_Augmented\2870.wav,Disgust
Ravdess_Augmented\2871.wav,Disgust
Ravdess_Augmented\2872.wav,Neutral
Ravdess_Augmented\2873.wav,Neutral
Ravdess_Augmented\2874.wav,Neutral
Ravdess_Augmented\2875.wav,Neutral
Ravdess_Augmented\2876.wav,Angry
Ravdess_Augmented\2877.wav,Angry
Ravdess_Augmented\2878.wav,Angry
Ravdess_Augmented\2879.wav,Angry
Ravdess_Augmented\2880.wav,Happy
Ravdess_Augmented\2881.wav,Happy
Ravdess_Augmented\2882.wav,Happy
Ravdess_Augmented\2883.wav,Happy
Ravdess_Augmented\2884.wav,Sad
Ravdess_Augmented\2885.wav,Sad
Ravdess_Augmented\2886.wav,Sad
Ravdess_Augmented\2887.wav,Sad
Ravdess_Augmented\2888.wav,Disgust
Ravdess_Augmented\2889.wav,Disgust
Ravdess_Augmented\2890.wav,Disgust
Ravdess_Augmented\2891.wav,Disgust
Ravdess_Augmented\2892.wav,Angry
Ravdess_Augmented\2893.wav,Angry
Ravdess_Augmented\2894.wav,Angry
Ravdess_Augmented\2895.wav,Angry
Ravdess_Augmented\2896.wav,Fearful
Ravdess_Augmented\2897.wav,Fearful
Ravdess_Augmented\2898.wav,Fearful
Ravdess_Augmented\2899.wav,Fearful
Ravdess_Augmented\2900.wav,Happy
Ravdess_Augmented\2901.wav,Happy
Ravdess_Augmented\2902.wav,Happy
Ravdess_Augmented\2903.wav,Happy
Ravdess_Augmented\2904.wav,Calm
Ravdess_Augmented\2905.wav,Calm
Ravdess_Augmented\2906.wav,Calm
Ravdess_Augmented\2907.wav,Calm
Ravdess_Augmented\2908.wav,Sad
Ravdess_Augmented\2909.wav,Sad
Ravdess_Augmented\2910.wav,Sad
Ravdess_Augmented\2911.wav,Sad
Ravdess_Augmented\2912.wav,Disgust
Ravdess_Augmented\2913.wav,Disgust
Ravdess_Augmented\2914.wav,Disgust
Ravdess_Augmented\2915.wav,Disgust
Ravdess_Augmented\2916.wav,Angry
Ravdess_Augmented\2917.wav,Angry
Ravdess_Augmented\2918.wav,Angry
Ravdess_Augmented\2919.wav,Angry
Ravdess_Augmented\2920.wav,Angry
Ravdess_Augmented\2921.wav,Angry
Ravdess_Augmented\2922.wav,Angry
Ravdess_Augmented\2923.wav,Angry
Ravdess_Augmented\2924.wav,Sad
Ravdess_Augmented\2925.wav,Sad
Ravdess_Augmented\2926.wav,Sad
Ravdess_Augmented\2927.wav,Sad
Ravdess_Augmented\2928.wav,Disgust
Ravdess_Augmented\2929.wav,Disgust
Ravdess_Augmented\2930.wav,Disgust
Ravdess_Augmented\2931.wav,Disgust
Ravdess_Augmented\2932.wav,Calm
Ravdess_Augmented\2933.wav,Calm
Ravdess_Augmented\2934.wav,Calm
Ravdess_Augmented\2935.wav,Calm
Ravdess_Augmented\2936.wav,Surprised
Ravdess_Augmented\2937.wav,Surprised
Ravdess_Augmented\2938.wav,Surprised
Ravdess_Augmented\2939.wav,Surprised
Ravdess_Augmented\2940.wav,Angry
Ravdess_Augmented\2941.wav,Angry
Ravdess_Augmented\2942.wav,Angry
Ravdess_Augmented\2943.wav,Angry
Ravdess_Augmented\2944.wav,Fearful
Ravdess_Augmented\2945.wav,Fearful
Ravdess_Augmented\2946.wav,Fearful
Ravdess_Augmented\2947.wav,Fearful
Ravdess_Augmented\2948.wav,Sad
Ravdess_Augmented\2949.wav,Sad
Ravdess_Augmented\2950.wav,Sad
Ravdess_Augmented\2951.wav,Sad
Ravdess_Augmented\2952.wav,Sad
Ravdess_Augmented\2953.wav,Sad
Ravdess_Augmented\2954.wav,Sad
Ravdess_Augmented\2955.wav,Sad
Ravdess_Augmented\2956.wav,Disgust
Ravdess_Augmented\2957.wav,Disgust
Ravdess_Augmented\2958.wav,Disgust
Ravdess_Augmented\2959.wav,Disgust
Ravdess_Augmented\2960.wav,Neutral
Ravdess_Augmented\2961.wav,Neutral
Ravdess_Augmented\2962.wav,Neutral
Ravdess_Augmented\2963.wav,Neutral
Ravdess_Augmented\2964.wav,Calm
Ravdess_Augmented\2965.wav,Calm
Ravdess_Augmented\2966.wav,Calm
Ravdess_Augmented\2967.wav,Calm
Ravdess_Augmented\2968.wav,Happy
Ravdess_Augmented\2969.wav,Happy
Ravdess_Augmented\2970.wav,Happy
Ravdess_Augmented\2971.wav,Happy
Ravdess_Augmented\2972.wav,Fearful
Ravdess_Augmented\2973.wav,Fearful
Ravdess_Augmented\2974.wav,Fearful
Ravdess_Augmented\2975.wav,Fearful
Ravdess_Augmented\2976.wav,Happy
Ravdess_Augmented\2977.wav,Happy
Ravdess_Augmented\2978.wav,Happy
Ravdess_Augmented\2979.wav,Happy
Ravdess_Augmented\2980.wav,Disgust
Ravdess_Augmented\2981.wav,Disgust
Ravdess_Augmented\2982.wav,Disgust
Ravdess_Augmented\2983.wav,Disgust
Ravdess_Augmented\2984.wav,Happy
Ravdess_Augmented\2985.wav,Happy
Ravdess_Augmented\2986.wav,Happy
Ravdess_Augmented\2987.wav,Happy
Ravdess_Augmented\2988.wav,Calm
Ravdess_Augmented\2989.wav,Calm
Ravdess_Augmented\2990.wav,Calm
Ravdess_Augmented\2991.wav,Calm
Ravdess_Augmented\2992.wav,Surprised
Ravdess_Augmented\2993.wav,Surprised
Ravdess_Augmented\2994.wav,Surprised
Ravdess_Augmented\2995.wav,Surprised
Ravdess_Augmented\2996.wav,Disgust
Ravdess_Augmented\2997.wav,Disgust
Ravdess_Augmented\2998.wav,Disgust
Ravdess_Augmented\2999.wav,Disgust
Ravdess_Augmented\3000.wav,Happy
Ravdess_Augmented\3001.wav,Happy
Ravdess_Augmented\3002.wav,Happy
Ravdess_Augmented\3003.wav,Happy
Ravdess_Augmented\3004.wav,Disgust
Ravdess_Augmented\3005.wav,Disgust
Ravdess_Augmented\3006.wav,Disgust
Ravdess_Augmented\3007.wav,Disgust
Ravdess_Augmented\3008.wav,Surprised
Ravdess_Augmented\3009.wav,Surprised
Ravdess_Augmented\3010.wav,Surprised
Ravdess_Augmented\3011.wav,Surprised
Ravdess_Augmented\3012.wav,Angry
Ravdess_Augmented\3013.wav,Angry
Ravdess_Augmented\3014.wav,Angry
Ravdess_Augmented\3015.wav,Angry
Ravdess_Augmented\3016.wav,Sad
Ravdess_Augmented\3017.wav,Sad
Ravdess_Augmented\3018.wav,Sad
Ravdess_Augmented\3019.wav,Sad
Ravdess_Augmented\3020.wav,Calm
Ravdess_Augmented\3021.wav,Calm
Ravdess_Augmented\3022.wav,Calm
Ravdess_Augmented\3023.wav,Calm
Ravdess_Augmented\3024.wav,Sad
Ravdess_Augmented\3025.wav,Sad
Ravdess_Augmented\3026.wav,Sad
Ravdess_Augmented\3027.wav,Sad
Ravdess_Augmented\3028.wav,Surprised
Ravdess_Augmented\3029.wav,Surprised
Ravdess_Augmented\3030.wav,Surprised
Ravdess_Augmented\3031.wav,Surprised
Ravdess_Augmented\3032.wav,Calm
Ravdess_Augmented\3033.wav,Calm
Ravdess_Augmented\3034.wav,Calm
Ravdess_Augmented\3035.wav,Calm
Ravdess_Augmented\3036.wav,Sad
Ravdess_Augmented\3037.wav,Sad
Ravdess_Augmented\3038.wav,Sad
Ravdess_Augmented\3039.wav,Sad
Ravdess_Augmented\3040.wav,Happy
Ravdess_Augmented\3041.wav,Happy
Ravdess_Augmented\3042.wav,Happy
Ravdess_Augmented\3043.wav,Happy
Ravdess_Augmented\3044.wav,Fearful
Ravdess_Augmented\3045.wav,Fearful
Ravdess_Augmented\3046.wav,Fearful
Ravdess_Augmented\3047.wav,Fearful
Ravdess_Augmented\3048.wav,Sad
Ravdess_Augmented\3049.wav,Sad
Ravdess_Augmented\3050.wav,Sad
Ravdess_Augmented\3051.wav,Sad
Ravdess_Augmented\3052.wav,Happy
Ravdess_Augmented\3053.wav,Happy
Ravdess_Augmented\3054.wav,Happy
Ravdess_Augmented\3055.wav,Happy
Ravdess_Augmented\3056.wav,Surprised
Ravdess_Augmented\3057.wav,Surprised
Ravdess_Augmented\3058.wav,Surprised
Ravdess_Augmented\3059.wav,Surprised
Ravdess_Augmented\3060.wav,Angry
Ravdess_Augmented\3061.wav,Angry
Ravdess_Augmented\3062.wav,Angry
Ravdess_Augmented\3063.wav,Angry
Ravdess_Augmented\3064.wav,Angry
Ravdess_Augmented\3065.wav,Angry
Ravdess_Augmented\3066.wav,Angry
Ravdess_Augmented\3067.wav,Angry
Ravdess_Augmented\3068.wav,Fearful
Ravdess_Augmented\3069.wav,Fearful
Ravdess_Augmented\3070.wav,Fearful
Ravdess_Augmented\3071.wav,Fearful
Ravdess_Augmented\3072.wav,Surprised
Ravdess_Augmented\3073.wav,Surprised
Ravdess_Augmented\3074.wav,Surprised
Ravdess_Augmented\3075.wav,Surprised
Ravdess_Augmented\3076.wav,Sad
Ravdess_Augmented\3077.wav,Sad
Ravdess_Augmented\3078.wav,Sad
Ravdess_Augmented\3079.wav,Sad
Ravdess_Augmented\3080.wav,Surprised
Ravdess_Augmented\3081.wav,Surprised
Ravdess_Augmented\3082.wav,Surprised
Ravdess_Augmented\3083.wav,Surprised
Ravdess_Augmented\3084.wav,Angry
Ravdess_Augmented\3085.wav,Angry
Ravdess_Augmented\3086.wav,Angry
Ravdess_Augmented\3087.wav,Angry
Ravdess_Augmented\3088.wav,Sad
Ravdess_Augmented\3089.wav,Sad
Ravdess_Augmented\3090.wav,Sad
Ravdess_Augmented\3091.wav,Sad
Ravdess_Augmented\3092.wav,Fearful
Ravdess_Augmented\3093.wav,Fearful
Ravdess_Augmented\3094.wav,Fearful
Ravdess_Augmented\3095.wav,Fearful
Ravdess_Augmented\3096.wav,Sad
Ravdess_Augmented\3097.wav,Sad
Ravdess_Augmented\3098.wav,Sad
Ravdess_Augmented\3099.wav,Sad
Ravdess_Augmented\3100.wav,Calm
Ravdess_Augmented\3101.wav,Calm
Ravdess_Augmented\3102.wav,Calm
Ravdess_Augmented\3103.wav,Calm
Ravdess_Augmented\3104.wav,Fearful
Ravdess_Augmented\3105.wav,Fearful
Ravdess_Augmented\3106.wav,Fearful
Ravdess_Augmented\3107.wav,Fearful
Ravdess_Augmented\3108.wav,Neutral
Ravdess_Augmented\3109.wav,Neutral
Ravdess_Augmented\3110.wav,Neutral
Ravdess_Augmented\3111.wav,Neutral
Ravdess_Augmented\3112.wav,Calm
Ravdess_Augmented\3113.wav,Calm
Ravdess_Augmented\3114.wav,Calm
Ravdess_Augmented\3115.wav,Calm
Ravdess_Augmented\3116.wav,Sad
Ravdess_Augmented\3117.wav,Sad
Ravdess_Augmented\3118.wav,Sad
Ravdess_Augmented\3119.wav,Sad
Ravdess_Augmented\3120.wav,Angry
Ravdess_Augmented\3121.wav,Angry
Ravdess_Augmented\3122.wav,Angry
Ravdess_Augmented\3123.wav,Angry
Ravdess_Augmented\3124.wav,Surprised
Ravdess_Augmented\3125.wav,Surprised
Ravdess_Augmented\3126.wav,Surprised
Ravdess_Augmented\3127.wav,Surprised
Ravdess_Augmented\3128.wav,Disgust
Ravdess_Augmented\3129.wav,Disgust
Ravdess_Augmented\3130.wav,Disgust
Ravdess_Augmented\3131.wav,Disgust
Ravdess_Augmented\3132.wav,Sad
Ravdess_Augmented\3133.wav,Sad
Ravdess_Augmented\3134.wav,Sad
Ravdess_Augmented\3135.wav,Sad
Ravdess_Augmented\3136.wav,Calm
Ravdess_Augmented\3137.wav,Calm
Ravdess_Augmented\3138.wav,Calm
Ravdess_Augmented\3139.wav,Calm
Ravdess_Augmented\3140.wav,Surprised
Ravdess_Augmented\3141.wav,Surprised
Ravdess_Augmented\3142.wav,Surprised
Ravdess_Augmented\3143.wav,Surprised
Ravdess_Augmented\3144.wav,Happy
Ravdess_Augmented\3145.wav,Happy
Ravdess_Augmented\3146.wav,Happy
Ravdess_Augmented\3147.wav,Happy
Ravdess_Augmented\3148.wav,Happy
Ravdess_Augmented\3149.wav,Happy
Ravdess_Augmented\3150.wav,Happy
Ravdess_Augmented\3151.wav,Happy
Ravdess_Augmented\3152.wav,Happy
Ravdess_Augmented\3153.wav,Happy
Ravdess_Augmented\3154.wav,Happy
Ravdess_Augmented\3155.wav,Happy
Ravdess_Augmented\3156.wav,Surprised
Ravdess_Augmented\3157.wav,Surprised
Ravdess_Augmented\3158.wav,Surprised
Ravdess_Augmented\3159.wav,Surprised
Ravdess_Augmented\3160.wav,Sad
Ravdess_Augmented\3161.wav,Sad
Ravdess_Augmented\3162.wav,Sad
Ravdess_Augmented\3163.wav,Sad
Ravdess_Augmented\3164.wav,Happy
Ravdess_Augmented\3165.wav,Happy
Ravdess_Augmented\3166.wav,Happy
Ravdess_Augmented\3167.wav,Happy
Ravdess_Augmented\3168.wav,Surprised
Ravdess_Augmented\3169.wav,Surprised
Ravdess_Augmented\3170.wav,Surprised
Ravdess_Augmented\3171.wav,Surprised
Ravdess_Augmented\3172.wav,Calm
Ravdess_Augmented\3173.wav,Calm
Ravdess_Augmented\3174.wav,Calm
Ravdess_Augmented\3175.wav,Calm
Ravdess_Augmented\3176.wav,Calm
Ravdess_Augmented\3177.wav,Calm
Ravdess_Augmented\3178.wav,Calm
Ravdess_Augmented\3179.wav,Calm
Ravdess_Augmented\3180.wav,Angry
Ravdess_Augmented\3181.wav,Angry
Ravdess_Augmented\3182.wav,Angry
Ravdess_Augmented\3183.wav,Angry
Ravdess_Augmented\3184.wav,Surprised
Ravdess_Augmented\3185.wav,Surprised
Ravdess_Augmented\3186.wav,Surprised
Ravdess_Augmented\3187.wav,Surprised
Ravdess_Augmented\3188.wav,Surprised
Ravdess_Augmented\3189.wav,Surprised
Ravdess_Augmented\3190.wav,Surprised
Ravdess_Augmented\3191.wav,Surprised
Ravdess_Augmented\3192.wav,Disgust
Ravdess_Augmented\3193.wav,Disgust
Ravdess_Augmented\3194.wav,Disgust
Ravdess_Augmented\3195.wav,Disgust
Ravdess_Augmented\3196.wav,Disgust
Ravdess_Augmented\3197.wav,Disgust
Ravdess_Augmented\3198.wav,Disgust
Ravdess_Augmented\3199.wav,Disgust
Ravdess_Augmented\3200.wav,Sad
Ravdess_Augmented\3201.wav,Sad
Ravdess_Augmented\3202.wav,Sad
Ravdess_Augmented\3203.wav,Sad
Ravdess_Augmented\3204.wav,Surprised
Ravdess_Augmented\3205.wav,Surprised
Ravdess_Augmented\3206.wav,Surprised
Ravdess_Augmented\3207.wav,Surprised
Ravdess_Augmented\3208.wav,Disgust
Ravdess_Augmented\3209.wav,Disgust
Ravdess_Augmented\3210.wav,Disgust
Ravdess_Augmented\3211.wav,Disgust
Ravdess_Augmented\3212.wav,Surprised
Ravdess_Augmented\3213.wav,Surprised
Ravdess_Augmented\3214.wav,Surprised
Ravdess_Augmented\3215.wav,Surprised
Ravdess_Augmented\3216.wav,Surprised
Ravdess_Augmented\3217.wav,Surprised
Ravdess_Augmented\3218.wav,Surprised
Ravdess_Augmented\3219.wav,Surprised
Ravdess_Augmented\3220.wav,Calm
Ravdess_Augmented\3221.wav,Calm
Ravdess_Augmented\3222.wav,Calm
Ravdess_Augmented\3223.wav,Calm
Ravdess_Augmented\3224.wav,Disgust
Ravdess_Augmented\3225.wav,Disgust
Ravdess_Augmented\3226.wav,Disgust
Ravdess_Augmented\3227.wav,Disgust
Ravdess_Augmented\3228.wav,Disgust
Ravdess_Augmented\3229.wav,Disgust
Ravdess_Augmented\3230.wav,Disgust
Ravdess_Augmented\3231.wav,Disgust
Ravdess_Augmented\3232.wav,Happy
Ravdess_Augmented\3233.wav,Happy
Ravdess_Augmented\3234.wav,Happy
Ravdess_Augmented\3235.wav,Happy
Ravdess_Augmented\3236.wav,Surprised
Ravdess_Augmented\3237.wav,Surprised
Ravdess_Augmented\3238.wav,Surprised
Ravdess_Augmented\3239.wav,Surprised
Ravdess_Augmented\3240.wav,Fearful
Ravdess_Augmented\3241.wav,Fearful
Ravdess_Augmented\3242.wav,Fearful
Ravdess_Augmented\3243.wav,Fearful
Ravdess_Augmented\3244.wav,Happy
Ravdess_Augmented\3245.wav,Happy
Ravdess_Augmented\3246.wav,Happy
Ravdess_Augmented\3247.wav,Happy
Ravdess_Augmented\3248.wav,Disgust
Ravdess_Augmented\3249.wav,Disgust
Ravdess_Augmented\3250.wav,Disgust
Ravdess_Augmented\3251.wav,Disgust
Ravdess_Augmented\3252.wav,Calm
Ravdess_Augmented\3253.wav,Calm
Ravdess_Augmented\3254.wav,Calm
Ravdess_Augmented\3255.wav,Calm
Ravdess_Augmented\3256.wav,Disgust
Ravdess_Augmented\3257.wav,Disgust
Ravdess_Augmented\3258.wav,Disgust
Ravdess_Augmented\3259.wav,Disgust
Ravdess_Augmented\3260.wav,Happy
Ravdess_Augmented\3261.wav,Happy
Ravdess_Augmented\3262.wav,Happy
Ravdess_Augmented\3263.wav,Happy
Ravdess_Augmented\3264.wav,Disgust
Ravdess_Augmented\3265.wav,Disgust
Ravdess_Augmented\3266.wav,Disgust
Ravdess_Augmented\3267.wav,Disgust
Ravdess_Augmented\3268.wav,Calm
Ravdess_Augmented\3269.wav,Calm
Ravdess_Augmented\3270.wav,Calm
Ravdess_Augmented\3271.wav,Calm
Ravdess_Augmented\3272.wav,Fearful
Ravdess_Augmented\3273.wav,Fearful
Ravdess_Augmented\3274.wav,Fearful
Ravdess_Augmented\3275.wav,Fearful
Ravdess_Augmented\3276.wav,Angry
Ravdess_Augmented\3277.wav,Angry
Ravdess_Augmented\3278.wav,Angry
Ravdess_Augmented\3279.wav,Angry
Ravdess_Augmented\3280.wav,Happy
Ravdess_Augmented\3281.wav,Happy
Ravdess_Augmented\3282.wav,Happy
Ravdess_Augmented\3283.wav,Happy
Ravdess_Augmented\3284.wav,Happy
Ravdess_Augmented\3285.wav,Happy
Ravdess_Augmented\3286.wav,Happy
Ravdess_Augmented\3287.wav,Happy
Ravdess_Augmented\3288.wav,Disgust
Ravdess_Augmented\3289.wav,Disgust
Ravdess_Augmented\3290.wav,Disgust
Ravdess_Augmented\3291.wav,Disgust
Ravdess_Augmented\3292.wav,Disgust
Ravdess_Augmented\3293.wav,Disgust
Ravdess_Augmented\3294.wav,Disgust
Ravdess_Augmented\3295.wav,Disgust
Ravdess_Augmented\3296.wav,Disgust
Ravdess_Augmented\3297.wav,Disgust
Ravdess_Augmented\3298.wav,Disgust
Ravdess_Augmented\3299.wav,Disgust
Ravdess_Augmented\3300.wav,Calm
Ravdess_Augmented\3301.wav,Calm
Ravdess_Augmented\3302.wav,Calm
Ravdess_Augmented\3303.wav,Calm
Ravdess_Augmented\3304.wav,Disgust
Ravdess_Augmented\3305.wav,Disgust
Ravdess_Augmented\3306.wav,Disgust
Ravdess_Augmented\3307.wav,Disgust
Ravdess_Augmented\3308.wav,Calm
Ravdess_Augmented\3309.wav,Calm
Ravdess_Augmented\3310.wav,Calm
Ravdess_Augmented\3311.wav,Calm
Ravdess_Augmented\3312.wav,Sad
Ravdess_Augmented\3313.wav,Sad
Ravdess_Augmented\3314.wav,Sad
Ravdess_Augmented\3315.wav,Sad
Ravdess_Augmented\3316.wav,Fearful
Ravdess_Augmented\3317.wav,Fearful
Ravdess_Augmented\3318.wav,Fearful
Ravdess_Augmented\3319.wav,Fearful
Ravdess_Augmented\3320.wav,Calm
Ravdess_Augmented\3321.wav,Calm
Ravdess_Augmented\3322.wav,Calm
Ravdess_Augmented\3323.wav,Calm
Ravdess_Augmented\3324.wav,Neutral
Ravdess_Augmented\3325.wav,Neutral
Ravdess_Augmented\3326.wav,Neutral
Ravdess_Augmented\3327.wav,Neutral
Ravdess_Augmented\3328.wav,Neutral
Ravdess_Augmented\3329.wav,Neutral
Ravdess_Augmented\3330.wav,Neutral
Ravdess_Augmented\3331.wav,Neutral
Ravdess_Augmented\3332.wav,Calm
Ravdess_Augmented\3333.wav,Calm
Ravdess_Augmented\3334.wav,Calm
Ravdess_Augmented\3335.wav,Calm
Ravdess_Augmented\3336.wav,Surprised
Ravdess_Augmented\3337.wav,Surprised
Ravdess_Augmented\3338.wav,Surprised
Ravdess_Augmented\3339.wav,Surprised
Ravdess_Augmented\3340.wav,Sad
Ravdess_Augmented\3341.wav,Sad
Ravdess_Augmented\3342.wav,Sad
Ravdess_Augmented\3343.wav,Sad
Ravdess_Augmented\3344.wav,Surprised
Ravdess_Augmented\3345.wav,Surprised
Ravdess_Augmented\3346.wav,Surprised
Ravdess_Augmented\3347.wav,Surprised
Ravdess_Augmented\3348.wav,Sad
Ravdess_Augmented\3349.wav,Sad
Ravdess_Augmented\3350.wav,Sad
Ravdess_Augmented\3351.wav,Sad
Ravdess_Augmented\3352.wav,Sad
Ravdess_Augmented\3353.wav,Sad
Ravdess_Augmented\3354.wav,Sad
Ravdess_Augmented\3355.wav,Sad
Ravdess_Augmented\3356.wav,Sad
Ravdess_Augmented\3357.wav,Sad
Ravdess_Augmented\3358.wav,Sad
Ravdess_Augmented\3359.wav,Sad
Ravdess_Augmented\3360.wav,Happy
Ravdess_Augmented\3361.wav,Happy
Ravdess_Augmented\3362.wav,Happy
Ravdess_Augmented\3363.wav,Happy
Ravdess_Augmented\3364.wav,Fearful
Ravdess_Augmented\3365.wav,Fearful
Ravdess_Augmented\3366.wav,Fearful
Ravdess_Augmented\3367.wav,Fearful
Ravdess_Augmented\3368.wav,Calm
Ravdess_Augmented\3369.wav,Calm
Ravdess_Augmented\3370.wav,Calm
Ravdess_Augmented\3371.wav,Calm
Ravdess_Augmented\3372.wav,Calm
Ravdess_Augmented\3373.wav,Calm
Ravdess_Augmented\3374.wav,Calm
Ravdess_Augmented\3375.wav,Calm
Ravdess_Augmented\3376.wav,Sad
Ravdess_Augmented\3377.wav,Sad
Ravdess_Augmented\3378.wav,Sad
Ravdess_Augmented\3379.wav,Sad
Ravdess_Augmented\3380.wav,Neutral
Ravdess_Augmented\3381.wav,Neutral
Ravdess_Augmented\3382.wav,Neutral
Ravdess_Augmented\3383.wav,Neutral
Ravdess_Augmented\3384.wav,Calm
Ravdess_Augmented\3385.wav,Calm
Ravdess_Augmented\3386.wav,Calm
Ravdess_Augmented\3387.wav,Calm
Ravdess_Augmented\3388.wav,Disgust
Ravdess_Augmented\3389.wav,Disgust
Ravdess_Augmented\3390.wav,Disgust
Ravdess_Augmented\3391.wav,Disgust
Ravdess_Augmented\3392.wav,Fearful
Ravdess_Augmented\3393.wav,Fearful
Ravdess_Augmented\3394.wav,Fearful
Ravdess_Augmented\3395.wav,Fearful
Ravdess_Augmented\3396.wav,Calm
Ravdess_Augmented\3397.wav,Calm
Ravdess_Augmented\3398.wav,Calm
Ravdess_Augmented\3399.wav,Calm
Ravdess_Augmented\3400.wav,Surprised
Ravdess_Augmented\3401.wav,Surprised
Ravdess_Augmented\3402.wav,Surprised
Ravdess_Augmented\3403.wav,Surprised
Ravdess_Augmented\3404.wav,Disgust
Ravdess_Augmented\3405.wav,Disgust
Ravdess_Augmented\3406.wav,Disgust
Ravdess_Augmented\3407.wav,Disgust
Ravdess_Augmented\3408.wav,Surprised
Ravdess_Augmented\3409.wav,Surprised
Ravdess_Augmented\3410.wav,Surprised
Ravdess_Augmented\3411.wav,Surprised
Ravdess_Augmented\3412.wav,Surprised
Ravdess_Augmented\3413.wav,Surprised
Ravdess_Augmented\3414.wav,Surprised
Ravdess_Augmented\3415.wav,Surprised
Ravdess_Augmented\3416.wav,Fearful
Ravdess_Augmented\3417.wav,Fearful
Ravdess_Augmented\3418.wav,Fearful
Ravdess_Augmented\3419.wav,Fearful
Ravdess_Augmented\3420.wav,Fearful
Ravdess_Augmented\3421.wav,Fearful
Ravdess_Augmented\3422.wav,Fearful
Ravdess_Augmented\3423.wav,Fearful
Ravdess_Augmented\3424.wav,Surprised
Ravdess_Augmented\3425.wav,Surprised
Ravdess_Augmented\3426.wav,Surprised
Ravdess_Augmented\3427.wav,Surprised
Ravdess_Augmented\3428.wav,Calm
Ravdess_Augmented\3429.wav,Calm
Ravdess_Augmented\3430.wav,Calm
Ravdess_Augmented\3431.wav,Calm
Ravdess_Augmented\3432.wav,Neutral
Ravdess_Augmented\3433.wav,Neutral
Ravdess_Augmented\3434.wav,Neutral
Ravdess_Augmented\3435.wav,Neutral
Ravdess_Augmented\3436.wav,Disgust
Ravdess_Augmented\3437.wav,Disgust
Ravdess_Augmented\3438.wav,Disgust
Ravdess_Augmented\3439.wav,Disgust
Ravdess_Augmented\3440.wav,Disgust
Ravdess_Augmented\3441.wav,Disgust
Ravdess_Augmented\3442.wav,Disgust
Ravdess_Augmented\3443.wav,Disgust
Ravdess_Augmented\3444.wav,Fearful
Ravdess_Augmented\3445.wav,Fearful
Ravdess_Augmented\3446.wav,Fearful
Ravdess_Augmented\3447.wav,Fearful
Ravdess_Augmented\3448.wav,Surprised
Ravdess_Augmented\3449.wav,Surprised
Ravdess_Augmented\3450.wav,Surprised
Ravdess_Augmented\3451.wav,Surprised
Ravdess_Augmented\3452.wav,Fearful
Ravdess_Augmented\3453.wav,Fearful
Ravdess_Augmented\3454.wav,Fearful
Ravdess_Augmented\3455.wav,Fearful
Ravdess_Augmented\3456.wav,Surprised
Ravdess_Augmented\3457.wav,Surprised
Ravdess_Augmented\3458.wav,Surprised
Ravdess_Augmented\3459.wav,Surprised
Ravdess_Augmented\3460.wav,Disgust
Ravdess_Augmented\3461.wav,Disgust
Ravdess_Augmented\3462.wav,Disgust
Ravdess_Augmented\3463.wav,Disgust
Ravdess_Augmented\3464.wav,Calm
Ravdess_Augmented\3465.wav,Calm
Ravdess_Augmented\3466.wav,Calm
Ravdess_Augmented\3467.wav,Calm
Ravdess_Augmented\3468.wav,Calm
Ravdess_Augmented\3469.wav,Calm
Ravdess_Augmented\3470.wav,Calm
Ravdess_Augmented\3471.wav,Calm
Ravdess_Augmented\3472.wav,Sad
Ravdess_Augmented\3473.wav,Sad
Ravdess_Augmented\3474.wav,Sad
Ravdess_Augmented\3475.wav,Sad
Ravdess_Augmented\3476.wav,Surprised
Ravdess_Augmented\3477.wav,Surprised
Ravdess_Augmented\3478.wav,Surprised
Ravdess_Augmented\3479.wav,Surprised
Ravdess_Augmented\3480.wav,Surprised
Ravdess_Augmented\3481.wav,Surprised
Ravdess_Augmented\3482.wav,Surprised
Ravdess_Augmented\3483.wav,Surprised
Ravdess_Augmented\3484.wav,Sad
Ravdess_Augmented\3485.wav,Sad
Ravdess_Augmented\3486.wav,Sad
Ravdess_Augmented\3487.wav,Sad
Ravdess_Augmented\3488.wav,Calm
Ravdess_Augmented\3489.wav,Calm
Ravdess_Augmented\3490.wav,Calm
Ravdess_Augmented\3491.wav,Calm
Ravdess_Augmented\3492.wav,Happy
Ravdess_Augmented\3493.wav,Happy
Ravdess_Augmented\3494.wav,Happy
Ravdess_Augmented\3495.wav,Happy
Ravdess_Augmented\3496.wav,Calm
Ravdess_Augmented\3497.wav,Calm
Ravdess_Augmented\3498.wav,Calm
Ravdess_Augmented\3499.wav,Calm
Ravdess_Augmented\3500.wav,Calm
Ravdess_Augmented\3501.wav,Calm
Ravdess_Augmented\3502.wav,Calm
Ravdess_Augmented\3503.wav,Calm
Ravdess_Augmented\3504.wav,Fearful
Ravdess_Augmented\3505.wav,Fearful
Ravdess_Augmented\3506.wav,Fearful
Ravdess_Augmented\3507.wav,Fearful
Ravdess_Augmented\3508.wav,Calm
Ravdess_Augmented\3509.wav,Calm
Ravdess_Augmented\3510.wav,Calm
Ravdess_Augmented\3511.wav,Calm
Ravdess_Augmented\3512.wav,Happy
Ravdess_Augmented\3513.wav,Happy
Ravdess_Augmented\3514.wav,Happy
Ravdess_Augmented\3515.wav,Happy
Ravdess_Augmented\3516.wav,Fearful
Ravdess_Augmented\3517.wav,Fearful
Ravdess_Augmented\3518.wav,Fearful
Ravdess_Augmented\3519.wav,Fearful
Ravdess_Augmented\3520.wav,Fearful
Ravdess_Augmented\3521.wav,Fearful
Ravdess_Augmented\3522.wav,Fearful
Ravdess_Augmented\3523.wav,Fearful
Ravdess_Augmented\3524.wav,Disgust
Ravdess_Augmented\3525.wav,Disgust
Ravdess_Augmented\3526.wav,Disgust
Ravdess_Augmented\3527.wav,Disgust
Ravdess_Augmented\3528.wav,Disgust
Ravdess_Augmented\3529.wav,Disgust
Ravdess_Augmented\3530.wav,Disgust
Ravdess_Augmented\3531.wav,Disgust
Ravdess_Augmented\3532.wav,Calm
Ravdess_Augmented\3533.wav,Calm
Ravdess_Augmented\3534.wav,Calm
Ravdess_Augmented\3535.wav,Calm
Ravdess_Augmented\3536.wav,Happy
Ravdess_Augmented\3537.wav,Happy
Ravdess_Augmented\3538.wav,Happy
Ravdess_Augmented\3539.wav,Happy
Ravdess_Augmented\3540.wav,Fearful
Ravdess_Augmented\3541.wav,Fearful
Ravdess_Augmented\3542.wav,Fearful
Ravdess_Augmented\3543.wav,Fearful
Ravdess_Augmented\3544.wav,Surprised
Ravdess_Augmented\3545.wav,Surprised
Ravdess_Augmented\3546.wav,Surprised
Ravdess_Augmented\3547.wav,Surprised
Ravdess_Augmented\3548.wav,Sad
Ravdess_Augmented\3549.wav,Sad
Ravdess_Augmented\3550.wav,Sad
Ravdess_Augmented\3551.wav,Sad
Ravdess_Augmented\3552.wav,Surprised
Ravdess_Augmented\3553.wav,Surprised
Ravdess_Augmented\3554.wav,Surprised
Ravdess_Augmented\3555.wav,Surprised
Ravdess_Augmented\3556.wav,Sad
Ravdess_Augmented\3557.wav,Sad
Ravdess_Augmented\3558.wav,Sad
Ravdess_Augmented\3559.wav,Sad
Ravdess_Augmented\3560.wav,Happy
Ravdess_Augmented\3561.wav,Happy
Ravdess_Augmented\3562.wav,Happy
Ravdess_Augmented\3563.wav,Happy
Ravdess_Augmented\3564.wav,Sad
Ravdess_Augmented\3565.wav,Sad
Ravdess_Augmented\3566.wav,Sad
Ravdess_Augmented\3567.wav,Sad
Ravdess_Augmented\3568.wav,Angry
Ravdess_Augmented\3569.wav,Angry
Ravdess_Augmented\3570.wav,Angry
Ravdess_Augmented\3571.wav,Angry
Ravdess_Augmented\3572.wav,Fearful
Ravdess_Augmented\3573.wav,Fearful
Ravdess_Augmented\3574.wav,Fearful
Ravdess_Augmented\3575.wav,Fearful
Ravdess_Augmented\3576.wav,Happy
Ravdess_Augmented\3577.wav,Happy
Ravdess_Augmented\3578.wav,Happy
Ravdess_Augmented\3579.wav,Happy
Ravdess_Augmented\3580.wav,Disgust
Ravdess_Augmented\3581.wav,Disgust
Ravdess_Augmented\3582.wav,Disgust
Ravdess_Augmented\3583.wav,Disgust
Ravdess_Augmented\3584.wav,Sad
Ravdess_Augmented\3585.wav,Sad
Ravdess_Augmented\3586.wav,Sad
Ravdess_Augmented\3587.wav,Sad
Ravdess_Augmented\3588.wav,Disgust
Ravdess_Augmented\3589.wav,Disgust
Ravdess_Augmented\3590.wav,Disgust
Ravdess_Augmented\3591.wav,Disgust
Ravdess_Augmented\3592.wav,Calm
Ravdess_Augmented\3593.wav,Calm
Ravdess_Augmented\3594.wav,Calm
Ravdess_Augmented\3595.wav,Calm
Ravdess_Augmented\3596.wav,Angry
Ravdess_Augmented\3597.wav,Angry
Ravdess_Augmented\3598.wav,Angry
Ravdess_Augmented\3599.wav,Angry
Ravdess_Augmented\3600.wav,Surprised
Ravdess_Augmented\3601.wav,Surprised
Ravdess_Augmented\3602.wav,Surprised
Ravdess_Augmented\3603.wav,Surprised
Ravdess_Augmented\3604.wav,Surprised
Ravdess_Augmented\3605.wav,Surprised
Ravdess_Augmented\3606.wav,Surprised
Ravdess_Augmented\3607.wav,Surprised
Ravdess_Augmented\3608.wav,Neutral
Ravdess_Augmented\3609.wav,Neutral
Ravdess_Augmented\3610.wav,Neutral
Ravdess_Augmented\3611.wav,Neutral
Ravdess_Augmented\3612.wav,Angry
Ravdess_Augmented\3613.wav,Angry
Ravdess_Augmented\3614.wav,Angry
Ravdess_Augmented\3615.wav,Angry
Ravdess_Augmented\3616.wav,Sad
Ravdess_Augmented\3617.wav,Sad
Ravdess_Augmented\3618.wav,Sad
Ravdess_Augmented\3619.wav,Sad
Ravdess_Augmented\3620.wav,Disgust
Ravdess_Augmented\3621.wav,Disgust
Ravdess_Augmented\3622.wav,Disgust
Ravdess_Augmented\3623.wav,Disgust
Ravdess_Augmented\3624.wav,Angry
Ravdess_Augmented\3625.wav,Angry
Ravdess_Augmented\3626.wav,Angry
Ravdess_Augmented\3627.wav,Angry
Ravdess_Augmented\3628.wav,Fearful
Ravdess_Augmented\3629.wav,Fearful
Ravdess_Augmented\3630.wav,Fearful
Ravdess_Augmented\3631.wav,Fearful
Ravdess_Augmented\3632.wav,Sad
Ravdess_Augmented\3633.wav,Sad
Ravdess_Augmented\3634.wav,Sad
Ravdess_Augmented\3635.wav,Sad
Ravdess_Augmented\3636.wav,Fearful
Ravdess_Augmented\3637.wav,Fearful
Ravdess_Augmented\3638.wav,Fearful
Ravdess_Augmented\3639.wav,Fearful
Ravdess_Augmented\3640.wav,Happy
Ravdess_Augmented\3641.wav,Happy
Ravdess_Augmented\3642.wav,Happy
Ravdess_Augmented\3643.wav,Happy
Ravdess_Augmented\3644.wav,Happy
Ravdess_Augmented\3645.wav,Happy
Ravdess_Augmented\3646.wav,Happy
Ravdess_Augmented\3647.wav,Happy
Ravdess_Augmented\3648.wav,Surprised
Ravdess_Augmented\3649.wav,Surprised
Ravdess_Augmented\3650.wav,Surprised
Ravdess_Augmented\3651.wav,Surprised
Ravdess_Augmented\3652.wav,Angry
Ravdess_Augmented\3653.wav,Angry
Ravdess_Augmented\3654.wav,Angry
Ravdess_Augmented\3655.wav,Angry
Ravdess_Augmented\3656.wav,Fearful
Ravdess_Augmented\3657.wav,Fearful
Ravdess_Augmented\3658.wav,Fearful
Ravdess_Augmented\3659.wav,Fearful
Ravdess_Augmented\3660.wav,Fearful
Ravdess_Augmented\3661.wav,Fearful
Ravdess_Augmented\3662.wav,Fearful
Ravdess_Augmented\3663.wav,Fearful
Ravdess_Augmented\3664.wav,Calm
Ravdess_Augmented\3665.wav,Calm
Ravdess_Augmented\3666.wav,Calm
Ravdess_Augmented\3667.wav,Calm
Ravdess_Augmented\3668.wav,Neutral
Ravdess_Augmented\3669.wav,Neutral
Ravdess_Augmented\3670.wav,Neutral
Ravdess_Augmented\3671.wav,Neutral
Ravdess_Augmented\3672.wav,Disgust
Ravdess_Augmented\3673.wav,Disgust
Ravdess_Augmented\3674.wav,Disgust
Ravdess_Augmented\3675.wav,Disgust
Ravdess_Augmented\3676.wav,Fearful
Ravdess_Augmented\3677.wav,Fearful
Ravdess_Augmented\3678.wav,Fearful
Ravdess_Augmented\3679.wav,Fearful
Ravdess_Augmented\3680.wav,Neutral
Ravdess_Augmented\3681.wav,Neutral
Ravdess_Augmented\3682.wav,Neutral
Ravdess_Augmented\3683.wav,Neutral
Ravdess_Augmented\3684.wav,Angry
Ravdess_Augmented\3685.wav,Angry
Ravdess_Augmented\3686.wav,Angry
Ravdess_Augmented\3687.wav,Angry
Ravdess_Augmented\3688.wav,Happy
Ravdess_Augmented\3689.wav,Happy
Ravdess_Augmented\3690.wav,Happy
Ravdess_Augmented\3691.wav,Happy
Ravdess_Augmented\3692.wav,Sad
Ravdess_Augmented\3693.wav,Sad
Ravdess_Augmented\3694.wav,Sad
Ravdess_Augmented\3695.wav,Sad
Ravdess_Augmented\3696.wav,Disgust
Ravdess_Augmented\3697.wav,Disgust
Ravdess_Augmented\3698.wav,Disgust
Ravdess_Augmented\3699.wav,Disgust
Ravdess_Augmented\3700.wav,Calm
Ravdess_Augmented\3701.wav,Calm
Ravdess_Augmented\3702.wav,Calm
Ravdess_Augmented\3703.wav,Calm
Ravdess_Augmented\3704.wav,Happy
Ravdess_Augmented\3705.wav,Happy
Ravdess_Augmented\3706.wav,Happy
Ravdess_Augmented\3707.wav,Happy
Ravdess_Augmented\3708.wav,Disgust
Ravdess_Augmented\3709.wav,Disgust
Ravdess_Augmented\3710.wav,Disgust
Ravdess_Augmented\3711.wav,Disgust
Ravdess_Augmented\3712.wav,Angry
Ravdess_Augmented\3713.wav,Angry
Ravdess_Augmented\3714.wav,Angry
Ravdess_Augmented\3715.wav,Angry
Ravdess_Augmented\3716.wav,Sad
Ravdess_Augmented\3717.wav,Sad
Ravdess_Augmented\3718.wav,Sad
Ravdess_Augmented\3719.wav,Sad
Ravdess_Augmented\3720.wav,Fearful
Ravdess_Augmented\3721.wav,Fearful
Ravdess_Augmented\3722.wav,Fearful
Ravdess_Augmented\3723.wav,Fearful
Ravdess_Augmented\3724.wav,Sad
Ravdess_Augmented\3725.wav,Sad
Ravdess_Augmented\3726.wav,Sad
Ravdess_Augmented\3727.wav,Sad
Ravdess_Augmented\3728.wav,Happy
Ravdess_Augmented\3729.wav,Happy
Ravdess_Augmented\3730.wav,Happy
Ravdess_Augmented\3731.wav,Happy
Ravdess_Augmented\3732.wav,Disgust
Ravdess_Augmented\3733.wav,Disgust
Ravdess_Augmented\3734.wav,Disgust
Ravdess_Augmented\3735.wav,Disgust
Ravdess_Augmented\3736.wav,Surprised
Ravdess_Augmented\3737.wav,Surprised
Ravdess_Augmented\3738.wav,Surprised
Ravdess_Augmented\3739.wav,Surprised
Ravdess_Augmented\3740.wav,Sad
Ravdess_Augmented\3741.wav,Sad
Ravdess_Augmented\3742.wav,Sad
Ravdess_Augmented\3743.wav,Sad
Ravdess_Augmented\3744.wav,Angry
Ravdess_Augmented\3745.wav,Angry
Ravdess_Augmented\3746.wav,Angry
Ravdess_Augmented\3747.wav,Angry
Ravdess_Augmented\3748.wav,Happy
Ravdess_Augmented\3749.wav,Happy
Ravdess_Augmented\3750.wav,Happy
Ravdess_Augmented\3751.wav,Happy
Ravdess_Augmented\3752.wav,Calm
Ravdess_Augmented\3753.wav,Calm
Ravdess_Augmented\3754.wav,Calm
Ravdess_Augmented\3755.wav,Calm
Ravdess_Augmented\3756.wav,Fearful
Ravdess_Augmented\3757.wav,Fearful
Ravdess_Augmented\3758.wav,Fearful
Ravdess_Augmented\3759.wav,Fearful
Ravdess_Augmented\3760.wav,Sad
Ravdess_Augmented\3761.wav,Sad
Ravdess_Augmented\3762.wav,Sad
Ravdess_Augmented\3763.wav,Sad
Ravdess_Augmented\3764.wav,Angry
Ravdess_Augmented\3765.wav,Angry
Ravdess_Augmented\3766.wav,Angry
Ravdess_Augmented\3767.wav,Angry
Ravdess_Augmented\3768.wav,Fearful
Ravdess_Augmented\3769.wav,Fearful
Ravdess_Augmented\3770.wav,Fearful
Ravdess_Augmented\3771.wav,Fearful
Ravdess_Augmented\3772.wav,Fearful
Ravdess_Augmented\3773.wav,Fearful
Ravdess_Augmented\3774.wav,Fearful
Ravdess_Augmented\3775.wav,Fearful
Ravdess_Augmented\3776.wav,Calm
Ravdess_Augmented\3777.wav,Calm
Ravdess_Augmented\3778.wav,Calm
Ravdess_Augmented\3779.wav,Calm
Ravdess_Augmented\3780.wav,Angry
Ravdess_Augmented\3781.wav,Angry
Ravdess_Augmented\3782.wav,Angry
Ravdess_Augmented\3783.wav,Angry
Ravdess_Augmented\3784.wav,Calm
Ravdess_Augmented\3785.wav,Calm
Ravdess_Augmented\3786.wav,Calm
Ravdess_Augmented\3787.wav,Calm
Ravdess_Augmented\3788.wav,Fearful
Ravdess_Augmented\3789.wav,Fearful
Ravdess_Augmented\3790.wav,Fearful
Ravdess_Augmented\3791.wav,Fearful
Ravdess_Augmented\3792.wav,Angry
Ravdess_Augmented\3793.wav,Angry
Ravdess_Augmented\3794.wav,Angry
Ravdess_Augmented\3795.wav,Angry
Ravdess_Augmented\3796.wav,Sad
Ravdess_Augmented\3797.wav,Sad
Ravdess_Augmented\3798.wav,Sad
Ravdess_Augmented\3799.wav,Sad
Ravdess_Augmented\3800.wav,Angry
Ravdess_Augmented\3801.wav,Angry
Ravdess_Augmented\3802.wav,Angry
Ravdess_Augmented\3803.wav,Angry
Ravdess_Augmented\3804.wav,Angry
Ravdess_Augmented\3805.wav,Angry
Ravdess_Augmented\3806.wav,Angry
Ravdess_Augmented\3807.wav,Angry
Ravdess_Augmented\3808.wav,Angry
Ravdess_Augmented\3809.wav,Angry
Ravdess_Augmented\3810.wav,Angry
Ravdess_Augmented\3811.wav,Angry
Ravdess_Augmented\3812.wav,Happy
Ravdess_Augmented\3813.wav,Happy
Ravdess_Augmented\3814.wav,Happy
Ravdess_Augmented\3815.wav,Happy
Ravdess_Augmented\3816.wav,Surprised
Ravdess_Augmented\3817.wav,Surprised
Ravdess_Augmented\3818.wav,Surprised
Ravdess_Augmented\3819.wav,Surprised
Ravdess_Augmented\3820.wav,Angry
Ravdess_Augmented\3821.wav,Angry
Ravdess_Augmented\3822.wav,Angry
Ravdess_Augmented\3823.wav,Angry
Ravdess_Augmented\3824.wav,Calm
Ravdess_Augmented\3825.wav,Calm
Ravdess_Augmented\3826.wav,Calm
Ravdess_Augmented\3827.wav,Calm
Ravdess_Augmented\3828.wav,Happy
Ravdess_Augmented\3829.wav,Happy
Ravdess_Augmented\3830.wav,Happy
Ravdess_Augmented\3831.wav,Happy
Ravdess_Augmented\3832.wav,Angry
Ravdess_Augmented\3833.wav,Angry
Ravdess_Augmented\3834.wav,Angry
Ravdess_Augmented\3835.wav,Angry
Ravdess_Augmented\3836.wav,Surprised
Ravdess_Augmented\3837.wav,Surprised
Ravdess_Augmented\3838.wav,Surprised
Ravdess_Augmented\3839.wav,Surprised
Ravdess_Augmented\3840.wav,Neutral
Ravdess_Augmented\3841.wav,Neutral
Ravdess_Augmented\3842.wav,Neutral
Ravdess_Augmented\3843.wav,Neutral
Ravdess_Augmented\3844.wav,Angry
Ravdess_Augmented\3845.wav,Angry
Ravdess_Augmented\3846.wav,Angry
Ravdess_Augmented\3847.wav,Angry
Ravdess_Augmented\3848.wav,Fearful
Ravdess_Augmented\3849.wav,Fearful
Ravdess_Augmented\3850.wav,Fearful
Ravdess_Augmented\3851.wav,Fearful
Ravdess_Augmented\3852.wav,Fearful
Ravdess_Augmented\3853.wav,Fearful
Ravdess_Augmented\3854.wav,Fearful
Ravdess_Augmented\3855.wav,Fearful
Ravdess_Augmented\3856.wav,Calm
Ravdess_Augmented\3857.wav,Calm
Ravdess_Augmented\3858.wav,Calm
Ravdess_Augmented\3859.wav,Calm
Ravdess_Augmented\3860.wav,Calm
Ravdess_Augmented\3861.wav,Calm
Ravdess_Augmented\3862.wav,Calm
Ravdess_Augmented\3863.wav,Calm
Ravdess_Augmented\3864.wav,Fearful
Ravdess_Augmented\3865.wav,Fearful
Ravdess_Augmented\3866.wav,Fearful
Ravdess_Augmented\3867.wav,Fearful
Ravdess_Augmented\3868.wav,Disgust
Ravdess_Augmented\3869.wav,Disgust
Ravdess_Augmented\3870.wav,Disgust
Ravdess_Augmented\3871.wav,Disgust
Ravdess_Augmented\3872.wav,Fearful
Ravdess_Augmented\3873.wav,Fearful
Ravdess_Augmented\3874.wav,Fearful
Ravdess_Augmented\3875.wav,Fearful
Ravdess_Augmented\3876.wav,Surprised
Ravdess_Augmented\3877.wav,Surprised
Ravdess_Augmented\3878.wav,Surprised
Ravdess_Augmented\3879.wav,Surprised
Ravdess_Augmented\3880.wav,Sad
Ravdess_Augmented\3881.wav,Sad
Ravdess_Augmented\3882.wav,Sad
Ravdess_Augmented\3883.wav,Sad
Ravdess_Augmented\3884.wav,Fearful
Ravdess_Augmented\3885.wav,Fearful
Ravdess_Augmented\3886.wav,Fearful
Ravdess_Augmented\3887.wav,Fearful
Ravdess_Augmented\3888.wav,Calm
Ravdess_Augmented\3889.wav,Calm
Ravdess_Augmented\3890.wav,Calm
Ravdess_Augmented\3891.wav,Calm
Ravdess_Augmented\3892.wav,Neutral
Ravdess_Augmented\3893.wav,Neutral
Ravdess_Augmented\3894.wav,Neutral
Ravdess_Augmented\3895.wav,Neutral
Ravdess_Augmented\3896.wav,Fearful
Ravdess_Augmented\3897.wav,Fearful
Ravdess_Augmented\3898.wav,Fearful
Ravdess_Augmented\3899.wav,Fearful
Ravdess_Augmented\3900.wav,Calm
Ravdess_Augmented\3901.wav,Calm
Ravdess_Augmented\3902.wav,Calm
Ravdess_Augmented\3903.wav,Calm
Ravdess_Augmented\3904.wav,Neutral
Ravdess_Augmented\3905.wav,Neutral
Ravdess_Augmented\3906.wav,Neutral
Ravdess_Augmented\3907.wav,Neutral
Ravdess_Augmented\3908.wav,Fearful
Ravdess_Augmented\3909.wav,Fearful
Ravdess_Augmented\3910.wav,Fearful
Ravdess_Augmented\3911.wav,Fearful
Ravdess_Augmented\3912.wav,Sad
Ravdess_Augmented\3913.wav,Sad
Ravdess_Augmented\3914.wav,Sad
Ravdess_Augmented\3915.wav,Sad
Ravdess_Augmented\3916.wav,Disgust
Ravdess_Augmented\3917.wav,Disgust
Ravdess_Augmented\3918.wav,Disgust
Ravdess_Augmented\3919.wav,Disgust
Ravdess_Augmented\3920.wav,Disgust
Ravdess_Augmented\3921.wav,Disgust
Ravdess_Augmented\3922.wav,Disgust
Ravdess_Augmented\3923.wav,Disgust
Ravdess_Augmented\3924.wav,Angry
Ravdess_Augmented\3925.wav,Angry
Ravdess_Augmented\3926.wav,Angry
Ravdess_Augmented\3927.wav,Angry
Ravdess_Augmented\3928.wav,Disgust
Ravdess_Augmented\3929.wav,Disgust
Ravdess_Augmented\3930.wav,Disgust
Ravdess_Augmented\3931.wav,Disgust
Ravdess_Augmented\3932.wav,Neutral
Ravdess_Augmented\3933.wav,Neutral
Ravdess_Augmented\3934.wav,Neutral
Ravdess_Augmented\3935.wav,Neutral
Ravdess_Augmented\3936.wav,Happy
Ravdess_Augmented\3937.wav,Happy
Ravdess_Augmented\3938.wav,Happy
Ravdess_Augmented\3939.wav,Happy
Ravdess_Augmented\3940.wav,Happy
Ravdess_Augmented\3941.wav,Happy
Ravdess_Augmented\3942.wav,Happy
Ravdess_Augmented\3943.wav,Happy
Ravdess_Augmented\3944.wav,Angry
Ravdess_Augmented\3945.wav,Angry
Ravdess_Augmented\3946.wav,Angry
Ravdess_Augmented\3947.wav,Angry
Ravdess_Augmented\3948.wav,Angry
Ravdess_Augmented\3949.wav,Angry
Ravdess_Augmented\3950.wav,Angry
Ravdess_Augmented\3951.wav,Angry
Ravdess_Augmented\3952.wav,Disgust
Ravdess_Augmented\3953.wav,Disgust
Ravdess_Augmented\3954.wav,Disgust
Ravdess_Augmented\3955.wav,Disgust
Ravdess_Augmented\3956.wav,Calm
Ravdess_Augmented\3957.wav,Calm
Ravdess_Augmented\3958.wav,Calm
Ravdess_Augmented\3959.wav,Calm
Ravdess_Augmented\3960.wav,Neutral
Ravdess_Augmented\3961.wav,Neutral
Ravdess_Augmented\3962.wav,Neutral
Ravdess_Augmented\3963.wav,Neutral
Ravdess_Augmented\3964.wav,Sad
Ravdess_Augmented\3965.wav,Sad
Ravdess_Augmented\3966.wav,Sad
Ravdess_Augmented\3967.wav,Sad
Ravdess_Augmented\3968.wav,Calm
Ravdess_Augmented\3969.wav,Calm
Ravdess_Augmented\3970.wav,Calm
Ravdess_Augmented\3971.wav,Calm
Ravdess_Augmented\3972.wav,Angry
Ravdess_Augmented\3973.wav,Angry
Ravdess_Augmented\3974.wav,Angry
Ravdess_Augmented\3975.wav,Angry
Ravdess_Augmented\3976.wav,Happy
Ravdess_Augmented\3977.wav,Happy
Ravdess_Augmented\3978.wav,Happy
Ravdess_Augmented\3979.wav,Happy
Ravdess_Augmented\3980.wav,Fearful
Ravdess_Augmented\3981.wav,Fearful
Ravdess_Augmented\3982.wav,Fearful
Ravdess_Augmented\3983.wav,Fearful
Ravdess_Augmented\3984.wav,Angry
Ravdess_Augmented\3985.wav,Angry
Ravdess_Augmented\3986.wav,Angry
Ravdess_Augmented\3987.wav,Angry
Ravdess_Augmented\3988.wav,Disgust
Ravdess_Augmented\3989.wav,Disgust
Ravdess_Augmented\3990.wav,Disgust
Ravdess_Augmented\3991.wav,Disgust
Ravdess_Augmented\3992.wav,Sad
Ravdess_Augmented\3993.wav,Sad
Ravdess_Augmented\3994.wav,Sad
Ravdess_Augmented\3995.wav,Sad
Ravdess_Augmented\3996.wav,Calm
Ravdess_Augmented\3997.wav,Calm
Ravdess_Augmented\3998.wav,Calm
Ravdess_Augmented\3999.wav,Calm
Ravdess_Augmented\4000.wav,Angry
Ravdess_Augmented\4001.wav,Angry
Ravdess_Augmented\4002.wav,Angry
Ravdess_Augmented\4003.wav,Angry
Ravdess_Augmented\4004.wav,Sad
Ravdess_Augmented\4005.wav,Sad
Ravdess_Augmented\4006.wav,Sad
Ravdess_Augmented\4007.wav,Sad
Ravdess_Augmented\4008.wav,Disgust
Ravdess_Augmented\4009.wav,Disgust
Ravdess_Augmented\4010.wav,Disgust
Ravdess_Augmented\4011.wav,Disgust
Ravdess_Augmented\4012.wav,Disgust
Ravdess_Augmented\4013.wav,Disgust
Ravdess_Augmented\4014.wav,Disgust
Ravdess_Augmented\4015.wav,Disgust
Ravdess_Augmented\4016.wav,Neutral
Ravdess_Augmented\4017.wav,Neutral
Ravdess_Augmented\4018.wav,Neutral
Ravdess_Augmented\4019.wav,Neutral
Ravdess_Augmented\4020.wav,Sad
Ravdess_Augmented\4021.wav,Sad
Ravdess_Augmented\4022.wav,Sad
Ravdess_Augmented\4023.wav,Sad
Ravdess_Augmented\4024.wav,Neutral
Ravdess_Augmented\4025.wav,Neutral
Ravdess_Augmented\4026.wav,Neutral
Ravdess_Augmented\4027.wav,Neutral
Ravdess_Augmented\4028.wav,Disgust
Ravdess_Augmented\4029.wav,Disgust
Ravdess_Augmented\4030.wav,Disgust
Ravdess_Augmented\4031.wav,Disgust
Ravdess_Augmented\4032.wav,Sad
Ravdess_Augmented\4033.wav,Sad
Ravdess_Augmented\4034.wav,Sad
Ravdess_Augmented\4035.wav,Sad
Ravdess_Augmented\4036.wav,Angry
Ravdess_Augmented\4037.wav,Angry
Ravdess_Augmented\4038.wav,Angry
Ravdess_Augmented\4039.wav,Angry
Ravdess_Augmented\4040.wav,Happy
Ravdess_Augmented\4041.wav,Happy
Ravdess_Augmented\4042.wav,Happy
Ravdess_Augmented\4043.wav,Happy
Ravdess_Augmented\4044.wav,Happy
Ravdess_Augmented\4045.wav,Happy
Ravdess_Augmented\4046.wav,Happy
Ravdess_Augmented\4047.wav,Happy
Ravdess_Augmented\4048.wav,Happy
Ravdess_Augmented\4049.wav,Happy
Ravdess_Augmented\4050.wav,Happy
Ravdess_Augmented\4051.wav,Happy
Ravdess_Augmented\4052.wav,Neutral
Ravdess_Augmented\4053.wav,Neutral
Ravdess_Augmented\4054.wav,Neutral
Ravdess_Augmented\4055.wav,Neutral
Ravdess_Augmented\4056.wav,Fearful
Ravdess_Augmented\4057.wav,Fearful
Ravdess_Augmented\4058.wav,Fearful
Ravdess_Augmented\4059.wav,Fearful
Ravdess_Augmented\4060.wav,Surprised
Ravdess_Augmented\4061.wav,Surprised
Ravdess_Augmented\4062.wav,Surprised
Ravdess_Augmented\4063.wav,Surprised
Ravdess_Augmented\4064.wav,Surprised
Ravdess_Augmented\4065.wav,Surprised
Ravdess_Augmented\4066.wav,Surprised
Ravdess_Augmented\4067.wav,Surprised
Ravdess_Augmented\4068.wav,Disgust
Ravdess_Augmented\4069.wav,Disgust
Ravdess_Augmented\4070.wav,Disgust
Ravdess_Augmented\4071.wav,Disgust
Ravdess_Augmented\4072.wav,Happy
Ravdess_Augmented\4073.wav,Happy
Ravdess_Augmented\4074.wav,Happy
Ravdess_Augmented\4075.wav,Happy
Ravdess_Augmented\4076.wav,Surprised
Ravdess_Augmented\4077.wav,Surprised
Ravdess_Augmented\4078.wav,Surprised
Ravdess_Augmented\4079.wav,Surprised
Ravdess_Augmented\4080.wav,Fearful
Ravdess_Augmented\4081.wav,Fearful
Ravdess_Augmented\4082.wav,Fearful
Ravdess_Augmented\4083.wav,Fearful
Ravdess_Augmented\4084.wav,Sad
Ravdess_Augmented\4085.wav,Sad
Ravdess_Augmented\4086.wav,Sad
Ravdess_Augmented\4087.wav,Sad
Ravdess_Augmented\4088.wav,Surprised
Ravdess_Augmented\4089.wav,Surprised
Ravdess_Augmented\4090.wav,Surprised
Ravdess_Augmented\4091.wav,Surprised
Ravdess_Augmented\4092.wav,Neutral
Ravdess_Augmented\4093.wav,Neutral
Ravdess_Augmented\4094.wav,Neutral
Ravdess_Augmented\4095.wav,Neutral
Ravdess_Augmented\4096.wav,Calm
Ravdess_Augmented\4097.wav,Calm
Ravdess_Augmented\4098.wav,Calm
Ravdess_Augmented\4099.wav,Calm
Ravdess_Augmented\4100.wav,Happy
Ravdess_Augmented\4101.wav,Happy
Ravdess_Augmented\4102.wav,Happy
Ravdess_Augmented\4103.wav,Happy
Ravdess_Augmented\4104.wav,Calm
Ravdess_Augmented\4105.wav,Calm
Ravdess_Augmented\4106.wav,Calm
Ravdess_Augmented\4107.wav,Calm
Ravdess_Augmented\4108.wav,Neutral
Ravdess_Augmented\4109.wav,Neutral
Ravdess_Augmented\4110.wav,Neutral
Ravdess_Augmented\4111.wav,Neutral
Ravdess_Augmented\4112.wav,Happy
Ravdess_Augmented\4113.wav,Happy
Ravdess_Augmented\4114.wav,Happy
Ravdess_Augmented\4115.wav,Happy
Ravdess_Augmented\4116.wav,Angry
Ravdess_Augmented\4117.wav,Angry
Ravdess_Augmented\4118.wav,Angry
Ravdess_Augmented\4119.wav,Angry
Ravdess_Augmented\4120.wav,Disgust
Ravdess_Augmented\4121.wav,Disgust
Ravdess_Augmented\4122.wav,Disgust
Ravdess_Augmented\4123.wav,Disgust
Ravdess_Augmented\4124.wav,Happy
Ravdess_Augmented\4125.wav,Happy
Ravdess_Augmented\4126.wav,Happy
Ravdess_Augmented\4127.wav,Happy
Ravdess_Augmented\4128.wav,Surprised
Ravdess_Augmented\4129.wav,Surprised
Ravdess_Augmented\4130.wav,Surprised
Ravdess_Augmented\4131.wav,Surprised
Ravdess_Augmented\4132.wav,Angry
Ravdess_Augmented\4133.wav,Angry
Ravdess_Augmented\4134.wav,Angry
Ravdess_Augmented\4135.wav,Angry
Ravdess_Augmented\4136.wav,Surprised
Ravdess_Augmented\4137.wav,Surprised
Ravdess_Augmented\4138.wav,Surprised
Ravdess_Augmented\4139.wav,Surprised
Ravdess_Augmented\4140.wav,Angry
Ravdess_Augmented\4141.wav,Angry
Ravdess_Augmented\4142.wav,Angry
Ravdess_Augmented\4143.wav,Angry
