path,emotion
features\images\train\1.png,Sad
features\images\train\2.png,Sad
features\images\train\3.png,Happy
features\images\train\4.png,Disgust
features\images\train\5.png,Fearful
features\images\train\6.png,Disgust
features\images\train\7.png,Happy
features\images\train\8.png,Calm
features\images\train\9.png,Surprised
features\images\train\10.png,Angry
features\images\train\11.png,Happy
features\images\train\12.png,Angry
features\images\train\13.png,Happy
features\images\train\14.png,Surprised
features\images\train\15.png,Fearful
features\images\train\16.png,Fearful
features\images\train\17.png,Surprised
features\images\train\18.png,Disgust
features\images\train\19.png,Surprised
features\images\train\20.png,Fearful
features\images\train\21.png,Sad
features\images\train\22.png,Happy
features\images\train\23.png,Fearful
features\images\train\24.png,Angry
features\images\train\25.png,Happy
features\images\train\26.png,Disgust
features\images\train\27.png,Angry
features\images\train\28.png,Angry
features\images\train\29.png,Angry
features\images\train\30.png,Fearful
features\images\train\31.png,Fearful
features\images\train\32.png,Sad
features\images\train\33.png,Surprised
features\images\train\34.png,Disgust
features\images\train\35.png,Fearful
features\images\train\36.png,Happy
features\images\train\37.png,Sad
features\images\train\38.png,Disgust
features\images\train\39.png,Sad
features\images\train\40.png,Surprised
features\images\train\41.png,Happy
features\images\train\42.png,Happy
features\images\train\43.png,Happy
features\images\train\44.png,Calm
features\images\train\45.png,Fearful
features\images\train\46.png,Calm
features\images\train\47.png,Calm
features\images\train\48.png,Disgust
features\images\train\49.png,Disgust
features\images\train\50.png,Happy
features\images\train\51.png,Happy
features\images\train\52.png,Angry
features\images\train\53.png,Angry
features\images\train\54.png,Sad
features\images\train\55.png,Fearful
features\images\train\56.png,Neutral
features\images\train\57.png,Sad
features\images\train\58.png,Fearful
features\images\train\59.png,Angry
features\images\train\60.png,Disgust
features\images\train\61.png,Sad
features\images\train\62.png,Disgust
features\images\train\63.png,Fearful
features\images\train\64.png,Neutral
features\images\train\65.png,Disgust
features\images\train\66.png,Fearful
features\images\train\67.png,Disgust
features\images\train\68.png,Disgust
features\images\train\69.png,Sad
features\images\train\70.png,Sad
features\images\train\71.png,Angry
features\images\train\72.png,Sad
features\images\train\73.png,Surprised
features\images\train\74.png,Sad
features\images\train\75.png,Neutral
features\images\train\76.png,Sad
features\images\train\77.png,Calm
features\images\train\78.png,Surprised
features\images\train\79.png,Fearful
features\images\train\80.png,Disgust
features\images\train\81.png,Happy
features\images\train\82.png,Surprised
features\images\train\83.png,Sad
features\images\train\84.png,Disgust
features\images\train\85.png,Angry
features\images\train\86.png,Disgust
features\images\train\87.png,Calm
features\images\train\88.png,Angry
features\images\train\89.png,Happy
features\images\train\90.png,Calm
features\images\train\91.png,Fearful
features\images\train\92.png,Calm
features\images\train\93.png,Disgust
features\images\train\94.png,Calm
features\images\train\95.png,Angry
features\images\train\96.png,Surprised
features\images\train\97.png,Calm
features\images\train\98.png,Disgust
features\images\train\99.png,Sad
features\images\train\100.png,Calm
features\images\train\101.png,Angry
features\images\train\102.png,Surprised
features\images\train\103.png,Calm
features\images\train\104.png,Angry
features\images\train\105.png,Calm
features\images\train\106.png,Fearful
features\images\train\107.png,Fearful
features\images\train\108.png,Calm
features\images\train\109.png,Surprised
features\images\train\110.png,Fearful
features\images\train\111.png,Disgust
features\images\train\112.png,Happy
features\images\train\113.png,Neutral
features\images\train\114.png,Sad
features\images\train\115.png,Angry
features\images\train\116.png,Disgust
features\images\train\117.png,Surprised
features\images\train\118.png,Disgust
features\images\train\119.png,Disgust
features\images\train\120.png,Neutral
features\images\train\121.png,Fearful
features\images\train\122.png,Happy
features\images\train\123.png,Angry
features\images\train\124.png,Sad
features\images\train\125.png,Fearful
features\images\train\126.png,Disgust
features\images\train\127.png,Happy
features\images\train\128.png,Neutral
features\images\train\129.png,Neutral
features\images\train\130.png,Happy
features\images\train\131.png,Happy
features\images\train\132.png,Fearful
features\images\train\133.png,Calm
features\images\train\134.png,Sad
features\images\train\135.png,Calm
features\images\train\136.png,Disgust
features\images\train\137.png,Angry
features\images\train\138.png,Sad
features\images\train\139.png,Calm
features\images\train\140.png,Sad
features\images\train\141.png,Disgust
features\images\train\142.png,Calm
features\images\train\143.png,Sad
features\images\train\144.png,Angry
features\images\train\145.png,Surprised
features\images\train\146.png,Calm
features\images\train\147.png,Happy
features\images\train\148.png,Angry
features\images\train\149.png,Calm
features\images\train\150.png,Angry
features\images\train\151.png,Surprised
features\images\train\152.png,Surprised
features\images\train\153.png,Disgust
features\images\train\154.png,Angry
features\images\train\155.png,Disgust
features\images\train\156.png,Sad
features\images\train\157.png,Disgust
features\images\train\158.png,Calm
features\images\train\159.png,Sad
features\images\train\160.png,Fearful
features\images\train\161.png,Calm
features\images\train\162.png,Neutral
features\images\train\163.png,Fearful
features\images\train\164.png,Disgust
features\images\train\165.png,Happy
features\images\train\166.png,Disgust
features\images\train\167.png,Sad
features\images\train\168.png,Surprised
features\images\train\169.png,Angry
features\images\train\170.png,Fearful
features\images\train\171.png,Disgust
features\images\train\172.png,Surprised
features\images\train\173.png,Fearful
features\images\train\174.png,Disgust
features\images\train\175.png,Sad
features\images\train\176.png,Calm
features\images\train\177.png,Surprised
features\images\train\178.png,Sad
features\images\train\179.png,Surprised
features\images\train\180.png,Sad
features\images\train\181.png,Fearful
features\images\train\182.png,Happy
features\images\train\183.png,Happy
features\images\train\184.png,Angry
features\images\train\185.png,Sad
features\images\train\186.png,Disgust
features\images\train\187.png,Happy
features\images\train\188.png,Calm
features\images\train\189.png,Sad
features\images\train\190.png,Disgust
features\images\train\191.png,Calm
features\images\train\192.png,Calm
features\images\train\193.png,Neutral
features\images\train\194.png,Disgust
features\images\train\195.png,Angry
features\images\train\196.png,Surprised
features\images\train\197.png,Disgust
features\images\train\198.png,Neutral
features\images\train\199.png,Happy
features\images\train\200.png,Angry
features\images\train\201.png,Happy
features\images\train\202.png,Neutral
features\images\train\203.png,Happy
features\images\train\204.png,Disgust
features\images\train\205.png,Happy
features\images\train\206.png,Neutral
features\images\train\207.png,Disgust
features\images\train\208.png,Happy
features\images\train\209.png,Surprised
features\images\train\210.png,Angry
features\images\train\211.png,Happy
features\images\train\212.png,Surprised
features\images\train\213.png,Angry
features\images\train\214.png,Happy
features\images\train\215.png,Calm
features\images\train\216.png,Disgust
features\images\train\217.png,Happy
features\images\train\218.png,Disgust
features\images\train\219.png,Surprised
features\images\train\220.png,Surprised
features\images\train\221.png,Sad
features\images\train\222.png,Disgust
features\images\train\223.png,Angry
features\images\train\224.png,Fearful
features\images\train\225.png,Fearful
features\images\train\226.png,Sad
features\images\train\227.png,Sad
features\images\train\228.png,Fearful
features\images\train\229.png,Sad
features\images\train\230.png,Sad
features\images\train\231.png,Surprised
features\images\train\232.png,Sad
features\images\train\233.png,Fearful
features\images\train\234.png,Fearful
features\images\train\235.png,Happy
features\images\train\236.png,Happy
features\images\train\237.png,Surprised
features\images\train\238.png,Angry
features\images\train\239.png,Happy
features\images\train\240.png,Neutral
features\images\train\241.png,Happy
features\images\train\242.png,Fearful
features\images\train\243.png,Calm
features\images\train\244.png,Surprised
features\images\train\245.png,Calm
features\images\train\246.png,Angry
features\images\train\247.png,Surprised
features\images\train\248.png,Sad
features\images\train\249.png,Happy
features\images\train\250.png,Fearful
features\images\train\251.png,Surprised
features\images\train\252.png,Neutral
features\images\train\253.png,Disgust
features\images\train\254.png,Surprised
features\images\train\255.png,Sad
features\images\train\256.png,Neutral
features\images\train\257.png,Fearful
features\images\train\258.png,Angry
features\images\train\259.png,Fearful
features\images\train\260.png,Disgust
features\images\train\261.png,Sad
features\images\train\262.png,Angry
features\images\train\263.png,Surprised
features\images\train\264.png,Happy
features\images\train\265.png,Calm
features\images\train\266.png,Surprised
features\images\train\267.png,Calm
features\images\train\268.png,Fearful
features\images\train\269.png,Calm
features\images\train\270.png,Sad
features\images\train\271.png,Fearful
features\images\train\272.png,Happy
features\images\train\273.png,Neutral
features\images\train\274.png,Surprised
features\images\train\275.png,Neutral
features\images\train\276.png,Angry
features\images\train\277.png,Disgust
features\images\train\278.png,Neutral
features\images\train\279.png,Happy
features\images\train\280.png,Fearful
features\images\train\281.png,Calm
features\images\train\282.png,Surprised
features\images\train\283.png,Happy
features\images\train\284.png,Calm
features\images\train\285.png,Neutral
features\images\train\286.png,Surprised
features\images\train\287.png,Angry
features\images\train\288.png,Neutral
features\images\train\289.png,Surprised
features\images\train\290.png,Surprised
features\images\train\291.png,Fearful
features\images\train\292.png,Angry
features\images\train\293.png,Fearful
features\images\train\294.png,Calm
features\images\train\295.png,Disgust
features\images\train\296.png,Angry
features\images\train\297.png,Calm
features\images\train\298.png,Surprised
features\images\train\299.png,Sad
features\images\train\300.png,Angry
features\images\train\301.png,Surprised
features\images\train\302.png,Sad
features\images\train\303.png,Fearful
features\images\train\304.png,Calm
features\images\train\305.png,Happy
features\images\train\306.png,Happy
features\images\train\307.png,Surprised
features\images\train\308.png,Angry
features\images\train\309.png,Disgust
features\images\train\310.png,Disgust
features\images\train\311.png,Happy
features\images\train\312.png,Neutral
features\images\train\313.png,Surprised
features\images\train\314.png,Angry
features\images\train\315.png,Happy
features\images\train\316.png,Happy
features\images\train\317.png,Surprised
features\images\train\318.png,Surprised
features\images\train\319.png,Fearful
features\images\train\320.png,Angry
features\images\train\321.png,Fearful
features\images\train\322.png,Sad
features\images\train\323.png,Happy
features\images\train\324.png,Disgust
features\images\train\325.png,Calm
features\images\train\326.png,Sad
features\images\train\327.png,Sad
features\images\train\328.png,Angry
features\images\train\329.png,Neutral
features\images\train\330.png,Disgust
features\images\train\331.png,Calm
features\images\train\332.png,Surprised
features\images\train\333.png,Angry
features\images\train\334.png,Disgust
features\images\train\335.png,Sad
features\images\train\336.png,Surprised
features\images\train\337.png,Calm
features\images\train\338.png,Calm
features\images\train\339.png,Fearful
features\images\train\340.png,Surprised
features\images\train\341.png,Disgust
features\images\train\342.png,Sad
features\images\train\343.png,Surprised
features\images\train\344.png,Happy
features\images\train\345.png,Surprised
features\images\train\346.png,Sad
features\images\train\347.png,Sad
features\images\train\348.png,Calm
features\images\train\349.png,Calm
features\images\train\350.png,Sad
features\images\train\351.png,Surprised
features\images\train\352.png,Neutral
features\images\train\353.png,Angry
features\images\train\354.png,Angry
features\images\train\355.png,Fearful
features\images\train\356.png,Neutral
features\images\train\357.png,Sad
features\images\train\358.png,Sad
features\images\train\359.png,Disgust
features\images\train\360.png,Neutral
features\images\train\361.png,Fearful
features\images\train\362.png,Happy
features\images\train\363.png,Calm
features\images\train\364.png,Surprised
features\images\train\365.png,Angry
features\images\train\366.png,Disgust
features\images\train\367.png,Disgust
features\images\train\368.png,Disgust
features\images\train\369.png,Happy
features\images\train\370.png,Fearful
features\images\train\371.png,Angry
features\images\train\372.png,Angry
features\images\train\373.png,Sad
features\images\train\374.png,Angry
features\images\train\375.png,Fearful
features\images\train\376.png,Fearful
features\images\train\377.png,Sad
features\images\train\378.png,Sad
features\images\train\379.png,Angry
features\images\train\380.png,Sad
features\images\train\381.png,Sad
features\images\train\382.png,Sad
features\images\train\383.png,Fearful
features\images\train\384.png,Calm
features\images\train\385.png,Angry
features\images\train\386.png,Calm
features\images\train\387.png,Angry
features\images\train\388.png,Angry
features\images\train\389.png,Fearful
features\images\train\390.png,Fearful
features\images\train\391.png,Surprised
features\images\train\392.png,Neutral
features\images\train\393.png,Calm
features\images\train\394.png,Neutral
features\images\train\395.png,Disgust
features\images\train\396.png,Surprised
features\images\train\397.png,Disgust
features\images\train\398.png,Calm
features\images\train\399.png,Happy
features\images\train\400.png,Calm
features\images\train\401.png,Sad
features\images\train\402.png,Disgust
features\images\train\403.png,Disgust
features\images\train\404.png,Fearful
features\images\train\405.png,Happy
features\images\train\406.png,Disgust
features\images\train\407.png,Happy
features\images\train\408.png,Surprised
features\images\train\409.png,Angry
features\images\train\410.png,Disgust
features\images\train\411.png,Fearful
features\images\train\412.png,Surprised
features\images\train\413.png,Sad
features\images\train\414.png,Happy
features\images\train\415.png,Calm
features\images\train\416.png,Angry
features\images\train\417.png,Calm
features\images\train\418.png,Happy
features\images\train\419.png,Happy
features\images\train\420.png,Surprised
features\images\train\421.png,Sad
features\images\train\422.png,Disgust
features\images\train\423.png,Sad
features\images\train\424.png,Fearful
features\images\train\425.png,Happy
features\images\train\426.png,Happy
features\images\train\427.png,Angry
features\images\train\428.png,Disgust
features\images\train\429.png,Fearful
features\images\train\430.png,Disgust
features\images\train\431.png,Disgust
features\images\train\432.png,Happy
features\images\train\433.png,Disgust
features\images\train\434.png,Surprised
features\images\train\435.png,Happy
features\images\train\436.png,Calm
features\images\train\437.png,Calm
features\images\train\438.png,Fearful
features\images\train\439.png,Neutral
features\images\train\440.png,Happy
features\images\train\441.png,Angry
features\images\train\442.png,Neutral
features\images\train\443.png,Disgust
features\images\train\444.png,Surprised
features\images\train\445.png,Disgust
features\images\train\446.png,Calm
features\images\train\447.png,Angry
features\images\train\448.png,Happy
features\images\train\449.png,Happy
features\images\train\450.png,Neutral
features\images\train\451.png,Sad
features\images\train\452.png,Calm
features\images\train\453.png,Calm
features\images\train\454.png,Angry
features\images\train\455.png,Calm
features\images\train\456.png,Happy
features\images\train\457.png,Sad
features\images\train\458.png,Sad
features\images\train\459.png,Disgust
features\images\train\460.png,Surprised
features\images\train\461.png,Disgust
features\images\train\462.png,Sad
features\images\train\463.png,Fearful
features\images\train\464.png,Angry
features\images\train\465.png,Sad
features\images\train\466.png,Calm
features\images\train\467.png,Happy
features\images\train\468.png,Fearful
features\images\train\469.png,Fearful
features\images\train\470.png,Surprised
features\images\train\471.png,Calm
features\images\train\472.png,Angry
features\images\train\473.png,Fearful
features\images\train\474.png,Happy
features\images\train\475.png,Neutral
features\images\train\476.png,Happy
features\images\train\477.png,Surprised
features\images\train\478.png,Happy
features\images\train\479.png,Calm
features\images\train\480.png,Neutral
features\images\train\481.png,Surprised
features\images\train\482.png,Fearful
features\images\train\483.png,Angry
features\images\train\484.png,Fearful
features\images\train\485.png,Fearful
features\images\train\486.png,Happy
features\images\train\487.png,Disgust
features\images\train\488.png,Disgust
features\images\train\489.png,Fearful
features\images\train\490.png,Fearful
features\images\train\491.png,Calm
features\images\train\492.png,Happy
features\images\train\493.png,Angry
features\images\train\494.png,Surprised
features\images\train\495.png,Neutral
features\images\train\496.png,Neutral
features\images\train\497.png,Surprised
features\images\train\498.png,Happy
features\images\train\499.png,Neutral
features\images\train\500.png,Surprised
features\images\train\501.png,Angry
features\images\train\502.png,Disgust
features\images\train\503.png,Angry
features\images\train\504.png,Calm
features\images\train\505.png,Angry
features\images\train\506.png,Happy
features\images\train\507.png,Disgust
features\images\train\508.png,Fearful
features\images\train\509.png,Angry
features\images\train\510.png,Fearful
features\images\train\511.png,Sad
features\images\train\512.png,Calm
features\images\train\513.png,Fearful
features\images\train\514.png,Angry
features\images\train\515.png,Neutral
features\images\train\516.png,Surprised
features\images\train\517.png,Sad
features\images\train\518.png,Disgust
features\images\train\519.png,Fearful
features\images\train\520.png,Surprised
features\images\train\521.png,Disgust
features\images\train\522.png,Angry
features\images\train\523.png,Surprised
features\images\train\524.png,Calm
features\images\train\525.png,Neutral
features\images\train\526.png,Angry
features\images\train\527.png,Calm
features\images\train\528.png,Disgust
features\images\train\529.png,Fearful
features\images\train\530.png,Angry
features\images\train\531.png,Surprised
features\images\train\532.png,Fearful
features\images\train\533.png,Disgust
features\images\train\534.png,Fearful
features\images\train\535.png,Neutral
features\images\train\536.png,Happy
features\images\train\537.png,Happy
features\images\train\538.png,Calm
features\images\train\539.png,Fearful
features\images\train\540.png,Happy
features\images\train\541.png,Surprised
features\images\train\542.png,Fearful
features\images\train\543.png,Surprised
features\images\train\544.png,Fearful
features\images\train\545.png,Calm
features\images\train\546.png,Calm
features\images\train\547.png,Surprised
features\images\train\548.png,Sad
features\images\train\549.png,Calm
features\images\train\550.png,Disgust
features\images\train\551.png,Happy
features\images\train\552.png,Happy
features\images\train\553.png,Angry
features\images\train\554.png,Happy
features\images\train\555.png,Angry
features\images\train\556.png,Happy
features\images\train\557.png,Surprised
features\images\train\558.png,Happy
features\images\train\559.png,Disgust
features\images\train\560.png,Disgust
features\images\train\561.png,Neutral
features\images\train\562.png,Calm
features\images\train\563.png,Happy
features\images\train\564.png,Calm
features\images\train\565.png,Surprised
features\images\train\566.png,Fearful
features\images\train\567.png,Angry
features\images\train\568.png,Calm
features\images\train\569.png,Happy
features\images\train\570.png,Disgust
features\images\train\571.png,Angry
features\images\train\572.png,Sad
features\images\train\573.png,Disgust
features\images\train\574.png,Sad
features\images\train\575.png,Surprised
features\images\train\576.png,Disgust
features\images\train\577.png,Disgust
features\images\train\578.png,Sad
features\images\train\579.png,Happy
features\images\train\580.png,Fearful
features\images\train\581.png,Fearful
features\images\train\582.png,Happy
features\images\train\583.png,Surprised
features\images\train\584.png,Surprised
features\images\train\585.png,Neutral
features\images\train\586.png,Sad
features\images\train\587.png,Happy
features\images\train\588.png,Disgust
features\images\train\589.png,Angry
features\images\train\590.png,Happy
features\images\train\591.png,Disgust
features\images\train\592.png,Happy
features\images\train\593.png,Happy
features\images\train\594.png,Sad
features\images\train\595.png,Angry
features\images\train\596.png,Sad
features\images\train\597.png,Happy
features\images\train\598.png,Surprised
features\images\train\599.png,Calm
features\images\train\600.png,Sad
features\images\train\601.png,Surprised
features\images\train\602.png,Sad
features\images\train\603.png,Sad
features\images\train\604.png,Surprised
features\images\train\605.png,Calm
features\images\train\606.png,Disgust
features\images\train\607.png,Calm
features\images\train\608.png,Calm
features\images\train\609.png,Sad
features\images\train\610.png,Calm
features\images\train\611.png,Happy
features\images\train\612.png,Fearful
features\images\train\613.png,Fearful
features\images\train\614.png,Happy
features\images\train\615.png,Surprised
features\images\train\616.png,Calm
features\images\train\617.png,Fearful
features\images\train\618.png,Disgust
features\images\train\619.png,Happy
features\images\train\620.png,Angry
features\images\train\621.png,Fearful
features\images\train\622.png,Surprised
features\images\train\623.png,Neutral
features\images\train\624.png,Fearful
features\images\train\625.png,Fearful
features\images\train\626.png,Neutral
features\images\train\627.png,Calm
features\images\train\628.png,Fearful
features\images\train\629.png,Disgust
features\images\train\630.png,Happy
features\images\train\631.png,Sad
features\images\train\632.png,Angry
features\images\train\633.png,Angry
features\images\train\634.png,Disgust
features\images\train\635.png,Neutral
features\images\train\636.png,Calm
features\images\train\637.png,Surprised
features\images\train\638.png,Surprised
features\images\train\639.png,Surprised
features\images\train\640.png,Angry
features\images\train\641.png,Happy
features\images\train\642.png,Happy
features\images\train\643.png,Calm
features\images\train\644.png,Surprised
features\images\train\645.png,Disgust
features\images\train\646.png,Happy
features\images\train\647.png,Surprised
features\images\train\648.png,Happy
features\images\train\649.png,Calm
features\images\train\650.png,Surprised
features\images\train\651.png,Surprised
features\images\train\652.png,Happy
features\images\train\653.png,Happy
features\images\train\654.png,Surprised
features\images\train\655.png,Disgust
features\images\train\656.png,Happy
features\images\train\657.png,Angry
features\images\train\658.png,Angry
features\images\train\659.png,Sad
features\images\train\660.png,Fearful
features\images\train\661.png,Sad
features\images\train\662.png,Angry
features\images\train\663.png,Sad
features\images\train\664.png,Fearful
features\images\train\665.png,Happy
features\images\train\666.png,Happy
features\images\train\667.png,Sad
features\images\train\668.png,Happy
features\images\train\669.png,Happy
features\images\train\670.png,Angry
features\images\train\671.png,Disgust
features\images\train\672.png,Disgust
features\images\train\673.png,Disgust
features\images\train\674.png,Disgust
features\images\train\675.png,Surprised
features\images\train\676.png,Disgust
features\images\train\677.png,Surprised
features\images\train\678.png,Disgust
features\images\train\679.png,Fearful
features\images\train\680.png,Happy
features\images\train\681.png,Sad
features\images\train\682.png,Happy
features\images\train\683.png,Sad
features\images\train\684.png,Surprised
features\images\train\685.png,Sad
features\images\train\686.png,Happy
features\images\train\687.png,Happy
features\images\train\688.png,Surprised
features\images\train\689.png,Sad
features\images\train\690.png,Calm
features\images\train\691.png,Surprised
features\images\train\692.png,Surprised
features\images\train\693.png,Surprised
features\images\train\694.png,Fearful
features\images\train\695.png,Angry
features\images\train\696.png,Surprised
features\images\train\697.png,Angry
features\images\train\698.png,Happy
features\images\train\699.png,Surprised
features\images\train\700.png,Disgust
features\images\train\701.png,Disgust
features\images\train\702.png,Angry
features\images\train\703.png,Fearful
features\images\train\704.png,Calm
features\images\train\705.png,Happy
features\images\train\706.png,Neutral
features\images\train\707.png,Sad
features\images\train\708.png,Angry
features\images\train\709.png,Surprised
features\images\train\710.png,Disgust
features\images\train\711.png,Fearful
features\images\train\712.png,Disgust
features\images\train\713.png,Fearful
features\images\train\714.png,Sad
features\images\train\715.png,Calm
features\images\train\716.png,Happy
features\images\train\717.png,Happy
features\images\train\718.png,Disgust
features\images\train\719.png,Surprised
features\images\train\720.png,Surprised
features\images\train\721.png,Neutral
features\images\train\722.png,Disgust
features\images\train\723.png,Angry
features\images\train\724.png,Angry
features\images\train\725.png,Fearful
features\images\train\726.png,Calm
features\images\train\727.png,Calm
features\images\train\728.png,Angry
features\images\train\729.png,Sad
features\images\train\730.png,Angry
features\images\train\731.png,Happy
features\images\train\732.png,Neutral
features\images\train\733.png,Surprised
features\images\train\734.png,Sad
features\images\train\735.png,Sad
features\images\train\736.png,Surprised
features\images\train\737.png,Disgust
features\images\train\738.png,Fearful
features\images\train\739.png,Disgust
features\images\train\740.png,Happy
features\images\train\741.png,Happy
features\images\train\742.png,Calm
features\images\train\743.png,Disgust
features\images\train\744.png,Fearful
features\images\train\745.png,Sad
features\images\train\746.png,Fearful
features\images\train\747.png,Fearful
features\images\train\748.png,Sad
features\images\train\749.png,Disgust
features\images\train\750.png,Disgust
features\images\train\751.png,Happy
features\images\train\752.png,Surprised
features\images\train\753.png,Happy
features\images\train\754.png,Fearful
features\images\train\755.png,Calm
features\images\train\756.png,Calm
features\images\train\757.png,Calm
features\images\train\758.png,Angry
features\images\train\759.png,Disgust
features\images\train\760.png,Angry
features\images\train\761.png,Disgust
features\images\train\762.png,Fearful
features\images\train\763.png,Happy
features\images\train\764.png,Calm
features\images\train\765.png,Surprised
features\images\train\766.png,Happy
features\images\train\767.png,Fearful
features\images\train\768.png,Sad
features\images\train\769.png,Surprised
features\images\train\770.png,Surprised
features\images\train\771.png,Sad
features\images\train\772.png,Neutral
features\images\train\773.png,Happy
features\images\train\774.png,Surprised
features\images\train\775.png,Surprised
features\images\train\776.png,Happy
features\images\train\777.png,Surprised
features\images\train\778.png,Angry
features\images\train\779.png,Fearful
features\images\train\780.png,Sad
features\images\train\781.png,Surprised
features\images\train\782.png,Fearful
features\images\train\783.png,Angry
features\images\train\784.png,Surprised
features\images\train\785.png,Happy
features\images\train\786.png,Disgust
features\images\train\787.png,Angry
features\images\train\788.png,Fearful
features\images\train\789.png,Neutral
features\images\train\790.png,Disgust
features\images\train\791.png,Angry
features\images\train\792.png,Angry
features\images\train\793.png,Surprised
features\images\train\794.png,Surprised
features\images\train\795.png,Angry
features\images\train\796.png,Fearful
features\images\train\797.png,Happy
features\images\train\798.png,Sad
features\images\train\799.png,Calm
features\images\train\800.png,Happy
features\images\train\801.png,Fearful
features\images\train\802.png,Fearful
features\images\train\803.png,Sad
features\images\train\804.png,Calm
features\images\train\805.png,Angry
features\images\train\806.png,Fearful
features\images\train\807.png,Neutral
features\images\train\808.png,Calm
features\images\train\809.png,Fearful
features\images\train\810.png,Fearful
features\images\train\811.png,Neutral
features\images\train\812.png,Disgust
features\images\train\813.png,Calm
features\images\train\814.png,Happy
features\images\train\815.png,Surprised
features\images\train\816.png,Calm
features\images\train\817.png,Neutral
features\images\train\818.png,Happy
features\images\train\819.png,Angry
features\images\train\820.png,Disgust
features\images\train\821.png,Disgust
features\images\train\822.png,Sad
features\images\train\823.png,Surprised
features\images\train\824.png,Calm
features\images\train\825.png,Fearful
features\images\train\826.png,Fearful
features\images\train\827.png,Calm
features\images\train\828.png,Sad
features\images\train\829.png,Disgust
features\images\train\830.png,Angry
features\images\train\831.png,Surprised
features\images\train\832.png,Sad
features\images\train\833.png,Happy
features\images\train\834.png,Happy
features\images\train\835.png,Sad
features\images\train\836.png,Fearful
features\images\train\837.png,Sad
features\images\train\838.png,Surprised
features\images\train\839.png,Surprised
features\images\train\840.png,Fearful
features\images\train\841.png,Calm
features\images\train\842.png,Fearful
features\images\train\843.png,Neutral
features\images\train\844.png,Calm
features\images\train\845.png,Calm
features\images\train\846.png,Angry
features\images\train\847.png,Angry
features\images\train\848.png,Sad
features\images\train\849.png,Happy
features\images\train\850.png,Fearful
features\images\train\851.png,Surprised
features\images\train\852.png,Calm
features\images\train\853.png,Calm
features\images\train\854.png,Sad
features\images\train\855.png,Happy
features\images\train\856.png,Fearful
features\images\train\857.png,Neutral
features\images\train\858.png,Happy
features\images\train\859.png,Angry
features\images\train\860.png,Calm
features\images\train\861.png,Fearful
features\images\train\862.png,Angry
features\images\train\863.png,Disgust
features\images\train\864.png,Sad
features\images\train\865.png,Surprised
features\images\train\866.png,Calm
features\images\train\867.png,Fearful
features\images\train\868.png,Surprised
features\images\train\869.png,Calm
features\images\train\870.png,Calm
features\images\train\871.png,Neutral
features\images\train\872.png,Surprised
features\images\train\873.png,Surprised
features\images\train\874.png,Neutral
features\images\train\875.png,Surprised
features\images\train\876.png,Angry
features\images\train\877.png,Calm
features\images\train\878.png,Happy
features\images\train\879.png,Fearful
features\images\train\880.png,Disgust
features\images\train\881.png,Surprised
features\images\train\882.png,Calm
features\images\train\883.png,Fearful
features\images\train\884.png,Fearful
features\images\train\885.png,Angry
features\images\train\886.png,Fearful
features\images\train\887.png,Disgust
features\images\train\888.png,Disgust
features\images\train\889.png,Happy
features\images\train\890.png,Fearful
features\images\train\891.png,Sad
features\images\train\892.png,Happy
features\images\train\893.png,Fearful
features\images\train\894.png,Surprised
features\images\train\895.png,Sad
features\images\train\896.png,Surprised
features\images\train\897.png,Sad
features\images\train\898.png,Fearful
features\images\train\899.png,Surprised
features\images\train\900.png,Surprised
features\images\train\901.png,Sad
features\images\train\902.png,Neutral
features\images\train\903.png,Happy
features\images\train\904.png,Surprised
features\images\train\905.png,Fearful
features\images\train\906.png,Sad
features\images\train\907.png,Neutral
features\images\train\908.png,Calm
features\images\train\909.png,Happy
features\images\train\910.png,Surprised
features\images\train\911.png,Sad
features\images\train\912.png,Happy
features\images\train\913.png,Sad
features\images\train\914.png,Happy
features\images\train\915.png,Angry
features\images\train\916.png,Surprised
features\images\train\917.png,Fearful
features\images\train\918.png,Surprised
features\images\train\919.png,Calm
features\images\train\920.png,Surprised
features\images\train\921.png,Surprised
features\images\train\922.png,Fearful
features\images\train\923.png,Fearful
features\images\train\924.png,Disgust
features\images\train\925.png,Happy
features\images\train\926.png,Calm
features\images\train\927.png,Disgust
features\images\train\928.png,Disgust
features\images\train\929.png,Disgust
features\images\train\930.png,Sad
features\images\train\931.png,Calm
features\images\train\932.png,Calm
features\images\train\933.png,Neutral
features\images\train\934.png,Surprised
features\images\train\935.png,Fearful
features\images\train\936.png,Fearful
features\images\train\937.png,Neutral
features\images\train\938.png,Disgust
features\images\train\939.png,Calm
features\images\train\940.png,Calm
features\images\train\941.png,Sad
features\images\train\942.png,Surprised
features\images\train\943.png,Sad
features\images\train\944.png,Calm
features\images\train\945.png,Neutral
features\images\train\946.png,Angry
features\images\train\947.png,Surprised
features\images\train\948.png,Angry
features\images\train\949.png,Happy
features\images\train\950.png,Fearful
features\images\train\951.png,Happy
features\images\train\952.png,Sad
features\images\train\953.png,Disgust
features\images\train\954.png,Disgust
features\images\train\955.png,Fearful
features\images\train\956.png,Calm
features\images\train\957.png,Sad
features\images\train\958.png,Calm
features\images\train\959.png,Angry
features\images\train\960.png,Disgust
features\images\train\961.png,Happy
features\images\train\962.png,Fearful
features\images\train\963.png,Sad
features\images\train\964.png,Calm
features\images\train\965.png,Surprised
features\images\train\966.png,Fearful
features\images\train\967.png,Happy
features\images\train\968.png,Disgust
features\images\train\969.png,Fearful
features\images\train\970.png,Happy
features\images\train\971.png,Angry
features\images\train\972.png,Sad
features\images\train\973.png,Fearful
features\images\train\974.png,Happy
features\images\train\975.png,Sad
features\images\train\976.png,Happy
features\images\train\977.png,Sad
features\images\train\978.png,Surprised
features\images\train\979.png,Calm
features\images\train\980.png,Fearful
features\images\train\981.png,Calm
features\images\train\982.png,Disgust
features\images\train\983.png,Fearful
features\images\train\984.png,Surprised
features\images\train\985.png,Calm
features\images\train\986.png,Sad
features\images\train\987.png,Fearful
features\images\train\988.png,Fearful
features\images\train\989.png,Disgust
features\images\train\990.png,Disgust
features\images\train\991.png,Surprised
features\images\train\992.png,Happy
features\images\train\993.png,Fearful
features\images\train\994.png,Fearful
features\images\train\995.png,Surprised
features\images\train\996.png,Sad
features\images\train\997.png,Happy
features\images\train\998.png,Fearful
features\images\train\999.png,Happy
features\images\train\1000.png,Calm
features\images\train\1001.png,Happy
features\images\train\1002.png,Sad
features\images\train\1003.png,Sad
features\images\train\1004.png,Calm
features\images\train\1005.png,Calm
features\images\train\1006.png,Disgust
features\images\train\1007.png,Calm
features\images\train\1008.png,Calm
features\images\train\1009.png,Angry
features\images\train\1010.png,Calm
features\images\train\1011.png,Calm
features\images\train\1012.png,Happy
features\images\train\1013.png,Disgust
features\images\train\1014.png,Fearful
features\images\train\1015.png,Neutral
features\images\train\1016.png,Surprised
features\images\train\1017.png,Sad
features\images\train\1018.png,Disgust
features\images\train\1019.png,Surprised
features\images\train\1020.png,Happy
features\images\train\1021.png,Disgust
features\images\train\1022.png,Happy
features\images\train\1023.png,Neutral
features\images\train\1024.png,Disgust
features\images\train\1025.png,Surprised
features\images\train\1026.png,Fearful
features\images\train\1027.png,Fearful
features\images\train\1028.png,Fearful
features\images\train\1029.png,Neutral
features\images\train\1030.png,Calm
features\images\train\1031.png,Angry
features\images\train\1032.png,Angry
features\images\train\1033.png,Calm
features\images\train\1034.png,Fearful
features\images\train\1035.png,Disgust
features\images\train\1036.png,Fearful
features\images\train\1037.png,Fearful
features\images\train\1038.png,Fearful
features\images\train\1039.png,Calm
features\images\train\1040.png,Calm
features\images\train\1041.png,Happy
features\images\train\1042.png,Calm
features\images\train\1043.png,Fearful
features\images\train\1044.png,Disgust
features\images\train\1045.png,Neutral
features\images\train\1046.png,Fearful
features\images\train\1047.png,Angry
features\images\train\1048.png,Sad
features\images\train\1049.png,Fearful
features\images\train\1050.png,Neutral
features\images\train\1051.png,Disgust
features\images\train\1052.png,Happy
features\images\train\1053.png,Angry
features\images\train\1054.png,Calm
features\images\train\1055.png,Happy
features\images\train\1056.png,Angry
features\images\train\1057.png,Surprised
features\images\train\1058.png,Calm
features\images\train\1059.png,Neutral
features\images\train\1060.png,Surprised
features\images\train\1061.png,Disgust
features\images\train\1062.png,Sad
features\images\train\1063.png,Surprised
features\images\train\1064.png,Neutral
features\images\train\1065.png,Happy
features\images\train\1066.png,Happy
features\images\train\1067.png,Disgust
features\images\train\1068.png,Disgust
features\images\train\1069.png,Fearful
features\images\train\1070.png,Surprised
features\images\train\1071.png,Fearful
features\images\train\1072.png,Calm
features\images\train\1073.png,Fearful
features\images\train\1074.png,Sad
features\images\train\1075.png,Calm
features\images\train\1076.png,Neutral
features\images\train\1077.png,Happy
features\images\train\1078.png,Calm
features\images\train\1079.png,Disgust
features\images\train\1080.png,Calm
features\images\train\1081.png,Calm
features\images\train\1082.png,Surprised
features\images\train\1083.png,Fearful
features\images\train\1084.png,Surprised
features\images\train\1085.png,Sad
features\images\train\1086.png,Disgust
features\images\train\1087.png,Surprised
features\images\train\1088.png,Surprised
features\images\train\1089.png,Calm
features\images\train\1090.png,Happy
features\images\train\1091.png,Sad
features\images\train\1092.png,Angry
features\images\train\1093.png,Happy
features\images\train\1094.png,Surprised
features\images\train\1095.png,Happy
features\images\train\1096.png,Sad
features\images\train\1097.png,Calm
features\images\train\1098.png,Disgust
features\images\train\1099.png,Surprised
features\images\train\1100.png,Calm
features\images\train\1101.png,Sad
features\images\train\1102.png,Angry
features\images\train\1103.png,Surprised
features\images\train\1104.png,Surprised
features\images\train\1105.png,Disgust
features\images\train\1106.png,Fearful
features\images\train\1107.png,Calm
features\images\train\1108.png,Angry
features\images\train\1109.png,Surprised
features\images\train\1110.png,Calm
features\images\train\1111.png,Calm
features\images\train\1112.png,Angry
features\images\train\1113.png,Disgust
features\images\train\1114.png,Calm
features\images\train\1115.png,Neutral
features\images\train\1116.png,Angry
features\images\train\1117.png,Sad
features\images\train\1118.png,Calm
features\images\train\1119.png,Surprised
features\images\train\1120.png,Calm
features\images\train\1121.png,Fearful
features\images\train\1122.png,Sad
features\images\train\1123.png,Fearful
features\images\train\1124.png,Surprised
features\images\train\1125.png,Disgust
features\images\train\1126.png,Calm
features\images\train\1127.png,Angry
features\images\train\1128.png,Happy
features\images\train\1129.png,Disgust
features\images\train\1130.png,Sad
features\images\train\1131.png,Disgust
features\images\train\1132.png,Fearful
features\images\train\1133.png,Disgust
features\images\train\1134.png,Fearful
features\images\train\1135.png,Disgust
features\images\train\1136.png,Happy
features\images\train\1137.png,Fearful
features\images\train\1138.png,Surprised
features\images\train\1139.png,Surprised
features\images\train\1140.png,Happy
features\images\train\1141.png,Neutral
features\images\train\1142.png,Fearful
features\images\train\1143.png,Surprised
features\images\train\1144.png,Surprised
features\images\train\1145.png,Angry
features\images\train\1146.png,Surprised
features\images\train\1147.png,Fearful
features\images\train\1148.png,Surprised
features\images\train\1149.png,Happy
features\images\train\1150.png,Sad
features\images\train\1151.png,Sad
features\images\train\1152.png,Sad
features\images\train\1153.png,Fearful
features\images\train\1154.png,Surprised
features\images\train\1155.png,Disgust
features\images\train\1156.png,Surprised
features\images\train\1157.png,Calm
features\images\train\1158.png,Calm
features\images\train\1159.png,Angry
features\images\train\1160.png,Fearful
features\images\train\1161.png,Fearful
features\images\train\1162.png,Disgust
features\images\train\1163.png,Surprised
features\images\train\1164.png,Happy
features\images\train\1165.png,Sad
features\images\train\1166.png,Calm
features\images\train\1167.png,Calm
features\images\train\1168.png,Surprised
features\images\train\1169.png,Angry
features\images\train\1170.png,Happy
features\images\train\1171.png,Fearful
features\images\train\1172.png,Neutral
features\images\train\1173.png,Surprised
features\images\train\1174.png,Sad
features\images\train\1175.png,Disgust
features\images\train\1176.png,Surprised
features\images\train\1177.png,Calm
features\images\train\1178.png,Happy
features\images\train\1179.png,Disgust
features\images\train\1180.png,Happy
features\images\train\1181.png,Calm
features\images\train\1182.png,Disgust
features\images\train\1183.png,Happy
features\images\train\1184.png,Angry
features\images\train\1185.png,Surprised
features\images\train\1186.png,Neutral
features\images\train\1187.png,Disgust
features\images\train\1188.png,Disgust
features\images\train\1189.png,Sad
features\images\train\1190.png,Sad
features\images\train\1191.png,Sad
features\images\train\1192.png,Fearful
features\images\train\1193.png,Sad
features\images\train\1194.png,Disgust
features\images\train\1195.png,Surprised
features\images\train\1196.png,Angry
features\images\train\1197.png,Calm
features\images\train\1198.png,Happy
features\images\train\1199.png,Disgust
features\images\train\1200.png,Happy
features\images\train\1201.png,Fearful
features\images\train\1202.png,Sad
features\images\train\1203.png,Angry
features\images\train\1204.png,Happy
features\images\train\1205.png,Calm
features\images\train\1206.png,Sad
features\images\train\1207.png,Disgust
features\images\train\1208.png,Calm
features\images\train\1209.png,Angry
features\images\train\1210.png,Sad
features\images\train\1211.png,Happy
features\images\train\1212.png,Calm
features\images\train\1213.png,Fearful
features\images\train\1214.png,Fearful
features\images\train\1215.png,Neutral
features\images\train\1216.png,Calm
features\images\train\1217.png,Fearful
features\images\train\1218.png,Surprised
features\images\train\1219.png,Happy
features\images\train\1220.png,Neutral
features\images\train\1221.png,Fearful
features\images\train\1222.png,Angry
features\images\train\1223.png,Fearful
features\images\train\1224.png,Neutral
features\images\train\1225.png,Sad
features\images\train\1226.png,Calm
features\images\train\1227.png,Disgust
features\images\train\1228.png,Disgust
features\images\train\1229.png,Calm
features\images\train\1230.png,Disgust
features\images\train\1231.png,Happy
features\images\train\1232.png,Angry
features\images\train\1233.png,Happy
features\images\train\1234.png,Surprised
features\images\train\1235.png,Fearful
features\images\train\1236.png,Fearful
features\images\train\1237.png,Sad
features\images\train\1238.png,Disgust
features\images\train\1239.png,Happy
features\images\train\1240.png,Sad
features\images\train\1241.png,Disgust
features\images\train\1242.png,Angry
features\images\train\1243.png,Calm
features\images\train\1244.png,Calm
features\images\train\1245.png,Neutral
features\images\train\1246.png,Neutral
features\images\train\1247.png,Sad
features\images\train\1248.png,Angry
features\images\train\1249.png,Surprised
features\images\train\1250.png,Neutral
features\images\train\1251.png,Fearful
features\images\train\1252.png,Angry
features\images\train\1253.png,Disgust
features\images\train\1254.png,Sad
features\images\train\1255.png,Angry
features\images\train\1256.png,Calm
features\images\train\1257.png,Fearful
features\images\train\1258.png,Surprised
features\images\train\1259.png,Surprised
features\images\train\1260.png,Surprised
features\images\train\1261.png,Angry
features\images\train\1262.png,Calm
features\images\train\1263.png,Happy
features\images\train\1264.png,Sad
features\images\train\1265.png,Sad
features\images\train\1266.png,Surprised
features\images\train\1267.png,Surprised
features\images\train\1268.png,Angry
features\images\train\1269.png,Sad
features\images\train\1270.png,Angry
features\images\train\1271.png,Happy
features\images\train\1272.png,Surprised
features\images\train\1273.png,Neutral
features\images\train\1274.png,Happy
features\images\train\1275.png,Fearful
features\images\train\1276.png,Fearful
features\images\train\1277.png,Surprised
features\images\train\1278.png,Sad
features\images\train\1279.png,Disgust
features\images\train\1280.png,Sad
features\images\train\1281.png,Calm
features\images\train\1282.png,Sad
features\images\train\1283.png,Calm
features\images\train\1284.png,Fearful
features\images\train\1285.png,Disgust
features\images\train\1286.png,Calm
features\images\train\1287.png,Happy
features\images\train\1288.png,Disgust
features\images\train\1289.png,Neutral
features\images\train\1290.png,Fearful
features\images\train\1291.png,Neutral
features\images\train\1292.png,Disgust
features\images\train\1293.png,Sad
features\images\train\1294.png,Happy
features\images\train\1295.png,Fearful
features\images\train\1296.png,Disgust
features\images\train\1297.png,Surprised
features\images\train\1298.png,Disgust
features\images\train\1299.png,Neutral
features\images\train\1300.png,Neutral
features\images\train\1301.png,Surprised
features\images\train\1302.png,Fearful
features\images\train\1303.png,Fearful
features\images\train\1304.png,Calm
features\images\train\1305.png,Fearful
features\images\train\1306.png,Calm
features\images\train\1307.png,Angry
features\images\train\1308.png,Calm
features\images\train\1309.png,Neutral
features\images\train\1310.png,Surprised
features\images\train\1311.png,Sad
features\images\train\1312.png,Happy
features\images\train\1313.png,Disgust
features\images\train\1314.png,Neutral
features\images\train\1315.png,Surprised
features\images\train\1316.png,Angry
features\images\train\1317.png,Sad
features\images\train\1318.png,Fearful
features\images\train\1319.png,Calm
features\images\train\1320.png,Happy
features\images\train\1321.png,Sad
features\images\train\1322.png,Disgust
features\images\train\1323.png,Surprised
features\images\train\1324.png,Neutral
features\images\train\1325.png,Neutral
features\images\train\1326.png,Happy
features\images\train\1327.png,Disgust
features\images\train\1328.png,Disgust
features\images\train\1329.png,Calm
features\images\train\1330.png,Neutral
features\images\train\1331.png,Fearful
features\images\train\1332.png,Sad
features\images\train\1333.png,Angry
features\images\train\1334.png,Calm
features\images\train\1335.png,Fearful
features\images\train\1336.png,Happy
features\images\train\1337.png,Fearful
features\images\train\1338.png,Happy
features\images\train\1339.png,Angry
features\images\train\1340.png,Neutral
features\images\train\1341.png,Sad
features\images\train\1342.png,Angry
features\images\train\1343.png,Sad
features\images\train\1344.png,Surprised
features\images\train\1345.png,Fearful
features\images\train\1346.png,Sad
features\images\train\1347.png,Happy
features\images\train\1348.png,Fearful
features\images\train\1349.png,Surprised
features\images\train\1350.png,Angry
features\images\train\1351.png,Angry
features\images\train\1352.png,Calm
features\images\train\1353.png,Sad
features\images\train\1354.png,Calm
features\images\train\1355.png,Angry
features\images\train\1356.png,Sad
features\images\train\1357.png,Happy
features\images\train\1358.png,Surprised
features\images\train\1359.png,Sad
features\images\train\1360.png,Sad
features\images\train\1361.png,Calm
features\images\train\1362.png,Surprised
features\images\train\1363.png,Sad
features\images\train\1364.png,Fearful
features\images\train\1365.png,Surprised
features\images\train\1366.png,Surprised
features\images\train\1367.png,Fearful
features\images\train\1368.png,Happy
features\images\train\1369.png,Disgust
features\images\train\1370.png,Happy
features\images\train\1371.png,Angry
features\images\train\1372.png,Happy
features\images\train\1373.png,Neutral
features\images\train\1374.png,Happy
features\images\train\1375.png,Disgust
features\images\train\1376.png,Angry
features\images\train\1377.png,Angry
features\images\train\1378.png,Surprised
features\images\train\1379.png,Happy
features\images\train\1380.png,Calm
features\images\train\1381.png,Disgust
features\images\train\1382.png,Angry
features\images\train\1383.png,Neutral
features\images\train\1384.png,Fearful
features\images\train\1385.png,Disgust
features\images\train\1386.png,Surprised
features\images\train\1387.png,Surprised
features\images\train\1388.png,Sad
features\images\train\1389.png,Angry
features\images\train\1390.png,Surprised
features\images\train\1391.png,Fearful
features\images\train\1392.png,Calm
features\images\train\1393.png,Angry
features\images\train\1394.png,Sad
features\images\train\1395.png,Neutral
features\images\train\1396.png,Angry
features\images\train\1397.png,Fearful
features\images\train\1398.png,Calm
features\images\train\1399.png,Calm
features\images\train\1400.png,Angry
features\images\train\1401.png,Angry
features\images\train\1402.png,Calm
features\images\train\1403.png,Angry
features\images\train\1404.png,Sad
features\images\train\1405.png,Neutral
features\images\train\1406.png,Surprised
features\images\train\1407.png,Neutral
features\images\train\1408.png,Angry
features\images\train\1409.png,Neutral
features\images\train\1410.png,Surprised
features\images\train\1411.png,Surprised
features\images\train\1412.png,Calm
features\images\train\1413.png,Angry
features\images\train\1414.png,Angry
features\images\train\1415.png,Fearful
features\images\train\1416.png,Sad
features\images\train\1417.png,Disgust
features\images\train\1418.png,Neutral
features\images\train\1419.png,Surprised
features\images\train\1420.png,Fearful
features\images\train\1421.png,Calm
features\images\train\1422.png,Sad
features\images\train\1423.png,Sad
features\images\train\1424.png,Happy
features\images\train\1425.png,Disgust
features\images\train\1426.png,Surprised
features\images\train\1427.png,Calm
features\images\train\1428.png,Happy
features\images\train\1429.png,Surprised
features\images\train\1430.png,Fearful
features\images\train\1431.png,Fearful
features\images\train\1432.png,Fearful
features\images\train\1433.png,Fearful
features\images\train\1434.png,Happy
features\images\train\1435.png,Disgust
features\images\train\1436.png,Fearful
features\images\train\1437.png,Fearful
features\images\train\1438.png,Sad
features\images\train\1439.png,Surprised
features\images\train\1440.png,Calm
features\images\train\1441.png,Surprised
features\images\train\1442.png,Disgust
features\images\train\1443.png,Angry
features\images\train\1444.png,Neutral
features\images\train\1445.png,Calm
features\images\train\1446.png,Sad
features\images\train\1447.png,Neutral
features\images\train\1448.png,Fearful
features\images\train\1449.png,Disgust
features\images\train\1450.png,Surprised
features\images\train\1451.png,Angry
features\images\train\1452.png,Fearful
features\images\train\1453.png,Surprised
features\images\train\1454.png,Fearful
features\images\train\1455.png,Happy
features\images\train\1456.png,Disgust
features\images\train\1457.png,Disgust
features\images\train\1458.png,Calm
features\images\train\1459.png,Surprised
features\images\train\1460.png,Disgust
features\images\train\1461.png,Calm
features\images\train\1462.png,Fearful
features\images\train\1463.png,Surprised
features\images\train\1464.png,Surprised
features\images\train\1465.png,Sad
features\images\train\1466.png,Surprised
features\images\train\1467.png,Happy
features\images\train\1468.png,Fearful
features\images\train\1469.png,Neutral
features\images\train\1470.png,Sad
features\images\train\1471.png,Calm
features\images\train\1472.png,Disgust
features\images\train\1473.png,Happy
features\images\train\1474.png,Surprised
features\images\train\1475.png,Happy
features\images\train\1476.png,Calm
features\images\train\1477.png,Fearful
features\images\train\1478.png,Angry
features\images\train\1479.png,Angry
features\images\train\1480.png,Disgust
features\images\train\1481.png,Angry
features\images\train\1482.png,Fearful
features\images\train\1483.png,Surprised
features\images\train\1484.png,Fearful
features\images\train\1485.png,Neutral
features\images\train\1486.png,Disgust
features\images\train\1487.png,Fearful
features\images\train\1488.png,Sad
features\images\train\1489.png,Sad
features\images\train\1490.png,Disgust
features\images\train\1491.png,Surprised
features\images\train\1492.png,Neutral
features\images\train\1493.png,Angry
features\images\train\1494.png,Angry
features\images\train\1495.png,Disgust
features\images\train\1496.png,Angry
features\images\train\1497.png,Sad
features\images\train\1498.png,Calm
features\images\train\1499.png,Disgust
features\images\train\1500.png,Surprised
features\images\train\1501.png,Fearful
features\images\train\1502.png,Surprised
features\images\train\1503.png,Happy
features\images\train\1504.png,Angry
features\images\train\1505.png,Surprised
features\images\train\1506.png,Neutral
features\images\train\1507.png,Sad
features\images\train\1508.png,Angry
features\images\train\1509.png,Surprised
features\images\train\1510.png,Fearful
features\images\train\1511.png,Sad
features\images\train\1512.png,Disgust
features\images\train\1513.png,Surprised
features\images\train\1514.png,Calm
features\images\train\1515.png,Sad
features\images\train\1516.png,Sad
features\images\train\1517.png,Fearful
features\images\train\1518.png,Happy
features\images\train\1519.png,Calm
features\images\train\1520.png,Calm
features\images\train\1521.png,Surprised
features\images\train\1522.png,Calm
features\images\train\1523.png,Disgust
features\images\train\1524.png,Calm
features\images\train\1525.png,Surprised
features\images\train\1526.png,Fearful
features\images\train\1527.png,Sad
features\images\train\1528.png,Disgust
features\images\train\1529.png,Fearful
features\images\train\1530.png,Calm
features\images\train\1531.png,Calm
features\images\train\1532.png,Neutral
features\images\train\1533.png,Happy
features\images\train\1534.png,Fearful
features\images\train\1535.png,Sad
features\images\train\1536.png,Happy
features\images\train\1537.png,Sad
features\images\train\1538.png,Disgust
features\images\train\1539.png,Sad
features\images\train\1540.png,Surprised
features\images\train\1541.png,Angry
features\images\train\1542.png,Neutral
features\images\train\1543.png,Disgust
features\images\train\1544.png,Calm
features\images\train\1545.png,Sad
features\images\train\1546.png,Surprised
features\images\train\1547.png,Calm
features\images\train\1548.png,Happy
features\images\train\1549.png,Fearful
features\images\train\1550.png,Disgust
features\images\train\1551.png,Angry
features\images\train\1552.png,Calm
features\images\train\1553.png,Disgust
features\images\train\1554.png,Surprised
features\images\train\1555.png,Calm
features\images\train\1556.png,Sad
features\images\train\1557.png,Happy
features\images\train\1558.png,Surprised
features\images\train\1559.png,Neutral
features\images\train\1560.png,Surprised
features\images\train\1561.png,Calm
features\images\train\1562.png,Happy
features\images\train\1563.png,Sad
features\images\train\1564.png,Happy
features\images\train\1565.png,Sad
features\images\train\1566.png,Neutral
features\images\train\1567.png,Fearful
features\images\train\1568.png,Sad
features\images\train\1569.png,Disgust
features\images\train\1570.png,Calm
features\images\train\1571.png,Disgust
features\images\train\1572.png,Fearful
features\images\train\1573.png,Surprised
features\images\train\1574.png,Neutral
features\images\train\1575.png,Angry
features\images\train\1576.png,Surprised
features\images\train\1577.png,Angry
features\images\train\1578.png,Angry
features\images\train\1579.png,Calm
features\images\train\1580.png,Fearful
features\images\train\1581.png,Fearful
features\images\train\1582.png,Disgust
features\images\train\1583.png,Disgust
features\images\train\1584.png,Surprised
features\images\train\1585.png,Disgust
features\images\train\1586.png,Surprised
features\images\train\1587.png,Calm
features\images\train\1588.png,Fearful
features\images\train\1589.png,Disgust
features\images\train\1590.png,Disgust
features\images\train\1591.png,Disgust
features\images\train\1592.png,Disgust
features\images\train\1593.png,Calm
features\images\train\1594.png,Surprised
features\images\train\1595.png,Sad
features\images\train\1596.png,Angry
features\images\train\1597.png,Disgust
features\images\train\1598.png,Calm
features\images\train\1599.png,Angry
features\images\train\1600.png,Neutral
features\images\train\1601.png,Angry
features\images\train\1602.png,Sad
features\images\train\1603.png,Calm
features\images\train\1604.png,Happy
features\images\train\1605.png,Angry
features\images\train\1606.png,Angry
features\images\train\1607.png,Angry
features\images\train\1608.png,Angry
features\images\train\1609.png,Surprised
features\images\train\1610.png,Disgust
features\images\train\1611.png,Calm
features\images\train\1612.png,Calm
features\images\train\1613.png,Angry
features\images\train\1614.png,Disgust
features\images\train\1615.png,Disgust
features\images\train\1616.png,Angry
features\images\train\1617.png,Surprised
features\images\train\1618.png,Happy
features\images\train\1619.png,Neutral
features\images\train\1620.png,Angry
features\images\train\1621.png,Surprised
features\images\train\1622.png,Fearful
features\images\train\1623.png,Angry
features\images\train\1624.png,Calm
features\images\train\1625.png,Happy
features\images\train\1626.png,Calm
features\images\train\1627.png,Angry
features\images\train\1628.png,Calm
features\images\train\1629.png,Sad
features\images\train\1630.png,Sad
features\images\train\1631.png,Disgust
features\images\train\1632.png,Surprised
features\images\train\1633.png,Fearful
features\images\train\1634.png,Fearful
features\images\train\1635.png,Disgust
features\images\train\1636.png,Fearful
features\images\train\1637.png,Sad
features\images\train\1638.png,Angry
features\images\train\1639.png,Happy
features\images\train\1640.png,Disgust
features\images\train\1641.png,Disgust
features\images\train\1642.png,Surprised
features\images\train\1643.png,Angry
features\images\train\1644.png,Calm
features\images\train\1645.png,Neutral
features\images\train\1646.png,Fearful
features\images\train\1647.png,Neutral
features\images\train\1648.png,Fearful
features\images\train\1649.png,Sad
features\images\train\1650.png,Surprised
features\images\train\1651.png,Disgust
features\images\train\1652.png,Fearful
features\images\train\1653.png,Fearful
features\images\train\1654.png,Sad
features\images\train\1655.png,Calm
features\images\train\1656.png,Fearful
features\images\train\1657.png,Sad
features\images\train\1658.png,Angry
features\images\train\1659.png,Disgust
features\images\train\1660.png,Sad
features\images\train\1661.png,Angry
features\images\train\1662.png,Happy
features\images\train\1663.png,Fearful
features\images\train\1664.png,Calm
features\images\train\1665.png,Calm
features\images\train\1666.png,Surprised
features\images\train\1667.png,Surprised
features\images\train\1668.png,Happy
features\images\train\1669.png,Happy
features\images\train\1670.png,Angry
features\images\train\1671.png,Angry
features\images\train\1672.png,Surprised
features\images\train\1673.png,Happy
features\images\train\1674.png,Happy
features\images\train\1675.png,Sad
features\images\train\1676.png,Surprised
features\images\train\1677.png,Angry
features\images\train\1678.png,Happy
features\images\train\1679.png,Calm
features\images\train\1680.png,Surprised
features\images\train\1681.png,Calm
features\images\train\1682.png,Disgust
features\images\train\1683.png,Happy
features\images\train\1684.png,Happy
features\images\train\1685.png,Surprised
features\images\train\1686.png,Angry
features\images\train\1687.png,Disgust
features\images\train\1688.png,Neutral
features\images\train\1689.png,Calm
features\images\train\1690.png,Happy
features\images\train\1691.png,Happy
features\images\train\1692.png,Disgust
features\images\train\1693.png,Happy
features\images\train\1694.png,Fearful
features\images\train\1695.png,Angry
features\images\train\1696.png,Neutral
features\images\train\1697.png,Happy
features\images\train\1698.png,Disgust
features\images\train\1699.png,Neutral
features\images\train\1700.png,Angry
features\images\train\1701.png,Surprised
features\images\train\1702.png,Neutral
features\images\train\1703.png,Surprised
features\images\train\1704.png,Sad
features\images\train\1705.png,Sad
features\images\train\1706.png,Calm
features\images\train\1707.png,Neutral
features\images\train\1708.png,Fearful
features\images\train\1709.png,Calm
features\images\train\1710.png,Happy
features\images\train\1711.png,Calm
features\images\train\1712.png,Happy
features\images\train\1713.png,Happy
features\images\train\1714.png,Angry
features\images\train\1715.png,Surprised
features\images\train\1716.png,Sad
features\images\train\1717.png,Angry
features\images\train\1718.png,Calm
features\images\train\1719.png,Happy
features\images\train\1720.png,Sad
features\images\train\1721.png,Disgust
features\images\train\1722.png,Fearful
features\images\train\1723.png,Calm
features\images\train\1724.png,Surprised
features\images\train\1725.png,Happy
features\images\train\1726.png,Neutral
features\images\train\1727.png,Disgust
features\images\train\1728.png,Calm
features\images\train\1729.png,Sad
features\images\train\1730.png,Neutral
features\images\train\1731.png,Sad
features\images\train\1732.png,Angry
features\images\train\1733.png,Surprised
features\images\train\1734.png,Sad
features\images\train\1735.png,Surprised
features\images\train\1736.png,Happy
features\images\train\1737.png,Calm
features\images\train\1738.png,Disgust
features\images\train\1739.png,Calm
features\images\train\1740.png,Angry
features\images\train\1741.png,Disgust
features\images\train\1742.png,Disgust
features\images\train\1743.png,Happy
features\images\train\1744.png,Surprised
features\images\train\1745.png,Angry
features\images\train\1746.png,Angry
features\images\train\1747.png,Fearful
features\images\train\1748.png,Sad
features\images\train\1749.png,Surprised
features\images\train\1750.png,Fearful
features\images\train\1751.png,Fearful
features\images\train\1752.png,Surprised
features\images\train\1753.png,Surprised
features\images\train\1754.png,Angry
features\images\train\1755.png,Angry
features\images\train\1756.png,Disgust
features\images\train\1757.png,Surprised
features\images\train\1758.png,Sad
features\images\train\1759.png,Surprised
features\images\train\1760.png,Disgust
features\images\train\1761.png,Sad
features\images\train\1762.png,Calm
features\images\train\1763.png,Neutral
features\images\train\1764.png,Disgust
features\images\train\1765.png,Happy
features\images\train\1766.png,Surprised
features\images\train\1767.png,Sad
features\images\train\1768.png,Calm
features\images\train\1769.png,Neutral
features\images\train\1770.png,Happy
features\images\train\1771.png,Disgust
features\images\train\1772.png,Disgust
features\images\train\1773.png,Sad
features\images\train\1774.png,Surprised
features\images\train\1775.png,Happy
features\images\train\1776.png,Fearful
features\images\train\1777.png,Fearful
features\images\train\1778.png,Angry
features\images\train\1779.png,Fearful
features\images\train\1780.png,Sad
features\images\train\1781.png,Fearful
features\images\train\1782.png,Happy
features\images\train\1783.png,Neutral
features\images\train\1784.png,Fearful
features\images\train\1785.png,Calm
features\images\train\1786.png,Disgust
features\images\train\1787.png,Neutral
features\images\train\1788.png,Angry
features\images\train\1789.png,Surprised
features\images\train\1790.png,Happy
features\images\train\1791.png,Fearful
features\images\train\1792.png,Calm
features\images\train\1793.png,Fearful
features\images\train\1794.png,Neutral
features\images\train\1795.png,Neutral
features\images\train\1796.png,Angry
features\images\train\1797.png,Angry
features\images\train\1798.png,Sad
features\images\train\1799.png,Neutral
features\images\train\1800.png,Calm
features\images\train\1801.png,Sad
features\images\train\1802.png,Neutral
features\images\train\1803.png,Happy
features\images\train\1804.png,Disgust
features\images\train\1805.png,Angry
features\images\train\1806.png,Sad
features\images\train\1807.png,Neutral
features\images\train\1808.png,Angry
features\images\train\1809.png,Disgust
features\images\train\1810.png,Angry
features\images\train\1811.png,Happy
features\images\train\1812.png,Sad
features\images\train\1813.png,Angry
features\images\train\1814.png,Happy
features\images\train\1815.png,Angry
features\images\train\1816.png,Happy
features\images\train\1817.png,Disgust
features\images\train\1818.png,Angry
features\images\train\1819.png,Calm
features\images\train\1820.png,Happy
features\images\train\1821.png,Angry
features\images\train\1822.png,Fearful
features\images\train\1823.png,Angry
features\images\train\1824.png,Surprised
features\images\train\1825.png,Disgust
features\images\train\1826.png,Disgust
features\images\train\1827.png,Disgust
features\images\train\1828.png,Neutral
features\images\train\1829.png,Surprised
features\images\train\1830.png,Calm
features\images\train\1831.png,Fearful
features\images\train\1832.png,Sad
features\images\train\1833.png,Angry
features\images\train\1834.png,Disgust
features\images\train\1835.png,Sad
features\images\train\1836.png,Angry
features\images\train\1837.png,Neutral
features\images\train\1838.png,Happy
features\images\train\1839.png,Angry
features\images\train\1840.png,Calm
features\images\train\1841.png,Sad
features\images\train\1842.png,Disgust
features\images\train\1843.png,Neutral
features\images\train\1844.png,Angry
features\images\train\1845.png,Angry
features\images\train\1846.png,Surprised
features\images\train\1847.png,Surprised
features\images\train\1848.png,Happy
features\images\train\1849.png,Angry
features\images\train\1850.png,Happy
features\images\train\1851.png,Sad
features\images\train\1852.png,Sad
features\images\train\1853.png,Sad
features\images\train\1854.png,Angry
features\images\train\1855.png,Sad
features\images\train\1856.png,Sad
features\images\train\1857.png,Neutral
features\images\train\1858.png,Neutral
features\images\train\1859.png,Fearful
features\images\train\1860.png,Happy
features\images\train\1861.png,Surprised
features\images\train\1862.png,Calm
features\images\train\1863.png,Sad
features\images\train\1864.png,Disgust
features\images\train\1865.png,Surprised
features\images\train\1866.png,Surprised
features\images\train\1867.png,Angry
features\images\train\1868.png,Happy
features\images\train\1869.png,Neutral
features\images\train\1870.png,Surprised
features\images\train\1871.png,Calm
features\images\train\1872.png,Angry
features\images\train\1873.png,Fearful
features\images\train\1874.png,Happy
features\images\train\1875.png,Calm
features\images\train\1876.png,Happy
features\images\train\1877.png,Angry
features\images\train\1878.png,Angry
features\images\train\1879.png,Sad
features\images\train\1880.png,Calm
features\images\train\1881.png,Happy
features\images\train\1882.png,Sad
features\images\train\1883.png,Fearful
features\images\train\1884.png,Neutral
features\images\train\1885.png,Fearful
features\images\train\1886.png,Sad
features\images\train\1887.png,Calm
features\images\train\1888.png,Sad
features\images\train\1889.png,Calm
features\images\train\1890.png,Neutral
features\images\train\1891.png,Fearful
features\images\train\1892.png,Sad
features\images\train\1893.png,Calm
features\images\train\1894.png,Fearful
features\images\train\1895.png,Sad
features\images\train\1896.png,Disgust
features\images\train\1897.png,Surprised
features\images\train\1898.png,Fearful
features\images\train\1899.png,Neutral
features\images\train\1900.png,Disgust
features\images\train\1901.png,Sad
features\images\train\1902.png,Neutral
features\images\train\1903.png,Calm
features\images\train\1904.png,Neutral
features\images\train\1905.png,Disgust
features\images\train\1906.png,Surprised
features\images\train\1907.png,Angry
features\images\train\1908.png,Disgust
features\images\train\1909.png,Surprised
features\images\train\1910.png,Angry
features\images\train\1911.png,Fearful
features\images\train\1912.png,Happy
features\images\train\1913.png,Angry
features\images\train\1914.png,Disgust
features\images\train\1915.png,Neutral
features\images\train\1916.png,Fearful
features\images\train\1917.png,Surprised
features\images\train\1918.png,Surprised
features\images\train\1919.png,Fearful
features\images\train\1920.png,Happy
features\images\train\1921.png,Angry
features\images\train\1922.png,Happy
features\images\train\1923.png,Fearful
features\images\train\1924.png,Angry
features\images\train\1925.png,Sad
features\images\train\1926.png,Disgust
features\images\train\1927.png,Sad
features\images\train\1928.png,Surprised
features\images\train\1929.png,Fearful
features\images\train\1930.png,Angry
features\images\train\1931.png,Angry
features\images\train\1932.png,Disgust
features\images\train\1933.png,Fearful
features\images\train\1934.png,Surprised
features\images\train\1935.png,Angry
features\images\train\1936.png,Happy
features\images\train\1937.png,Disgust
features\images\train\1938.png,Surprised
features\images\train\1939.png,Surprised
features\images\train\1940.png,Happy
features\images\train\1941.png,Happy
features\images\train\1942.png,Angry
features\images\train\1943.png,Neutral
features\images\train\1944.png,Angry
features\images\train\1945.png,Fearful
features\images\train\1946.png,Neutral
features\images\train\1947.png,Surprised
features\images\train\1948.png,Angry
features\images\train\1949.png,Fearful
features\images\train\1950.png,Surprised
features\images\train\1951.png,Angry
features\images\train\1952.png,Disgust
features\images\train\1953.png,Angry
features\images\train\1954.png,Surprised
features\images\train\1955.png,Angry
features\images\train\1956.png,Disgust
features\images\train\1957.png,Fearful
features\images\train\1958.png,Sad
features\images\train\1959.png,Angry
features\images\train\1960.png,Surprised
features\images\train\1961.png,Angry
features\images\train\1962.png,Disgust
features\images\train\1963.png,Happy
features\images\train\1964.png,Fearful
features\images\train\1965.png,Calm
features\images\train\1966.png,Calm
features\images\train\1967.png,Angry
features\images\train\1968.png,Happy
features\images\train\1969.png,Surprised
features\images\train\1970.png,Surprised
features\images\train\1971.png,Happy
features\images\train\1972.png,Sad
features\images\train\1973.png,Angry
features\images\train\1974.png,Happy
features\images\train\1975.png,Happy
features\images\train\1976.png,Sad
features\images\train\1977.png,Angry
features\images\train\1978.png,Neutral
features\images\train\1979.png,Fearful
features\images\train\1980.png,Angry
features\images\train\1981.png,Calm
features\images\train\1982.png,Angry
features\images\train\1983.png,Fearful
features\images\train\1984.png,Disgust
features\images\train\1985.png,Angry
features\images\train\1986.png,Surprised
features\images\train\1987.png,Surprised
features\images\train\1988.png,Disgust
features\images\train\1989.png,Disgust
features\images\train\1990.png,Happy
features\images\train\1991.png,Angry
features\images\train\1992.png,Calm
features\images\train\1993.png,Angry
features\images\train\1994.png,Angry
features\images\train\1995.png,Fearful
features\images\train\1996.png,Calm
features\images\train\1997.png,Disgust
features\images\train\1998.png,Surprised
features\images\train\1999.png,Surprised
features\images\train\2000.png,Fearful
features\images\train\2001.png,Disgust
features\images\train\2002.png,Surprised
features\images\train\2003.png,Disgust
features\images\train\2004.png,Calm
features\images\train\2005.png,Disgust
features\images\train\2006.png,Angry
features\images\train\2007.png,Happy
features\images\train\2008.png,Happy
features\images\train\2009.png,Fearful
features\images\train\2010.png,Calm
features\images\train\2011.png,Happy
features\images\train\2012.png,Surprised
features\images\train\2013.png,Calm
features\images\train\2014.png,Neutral
features\images\train\2015.png,Fearful
features\images\train\2016.png,Fearful
features\images\train\2017.png,Disgust
features\images\train\2018.png,Neutral
features\images\train\2019.png,Surprised
features\images\train\2020.png,Angry
features\images\train\2021.png,Calm
features\images\train\2022.png,Surprised
features\images\train\2023.png,Neutral
features\images\train\2024.png,Neutral
features\images\train\2025.png,Calm
features\images\train\2026.png,Fearful
features\images\train\2027.png,Fearful
features\images\train\2028.png,Angry
features\images\train\2029.png,Fearful
features\images\train\2030.png,Calm
features\images\train\2031.png,Disgust
features\images\train\2032.png,Surprised
features\images\train\2033.png,Calm
features\images\train\2034.png,Surprised
features\images\train\2035.png,Disgust
features\images\train\2036.png,Calm
features\images\train\2037.png,Neutral
features\images\train\2038.png,Surprised
features\images\train\2039.png,Surprised
features\images\train\2040.png,Happy
features\images\train\2041.png,Fearful
features\images\train\2042.png,Sad
features\images\train\2043.png,Disgust
features\images\train\2044.png,Angry
features\images\train\2045.png,Surprised
features\images\train\2046.png,Neutral
features\images\train\2047.png,Surprised
features\images\train\2048.png,Neutral
features\images\train\2049.png,Happy
features\images\train\2050.png,Sad
features\images\train\2051.png,Sad
features\images\train\2052.png,Angry
features\images\train\2053.png,Disgust
features\images\train\2054.png,Sad
features\images\train\2055.png,Sad
features\images\train\2056.png,Happy
features\images\train\2057.png,Happy
features\images\train\2058.png,Surprised
features\images\train\2059.png,Angry
features\images\train\2060.png,Fearful
features\images\train\2061.png,Happy
features\images\train\2062.png,Fearful
features\images\train\2063.png,Angry
features\images\train\2064.png,Fearful
features\images\train\2065.png,Surprised
features\images\train\2066.png,Happy
features\images\train\2067.png,Calm
features\images\train\2068.png,Disgust
features\images\train\2069.png,Sad
features\images\train\2070.png,Surprised
features\images\train\2071.png,Surprised
features\images\train\2072.png,Calm
features\images\train\2073.png,Happy
features\images\train\2074.png,Surprised
features\images\train\2075.png,Angry
features\images\train\2076.png,Angry
features\images\train\2077.png,Calm
features\images\train\2078.png,Angry
features\images\train\2079.png,Calm
features\images\train\2080.png,Angry
features\images\train\2081.png,Disgust
features\images\train\2082.png,Calm
features\images\train\2083.png,Disgust
features\images\train\2084.png,Angry
features\images\train\2085.png,Disgust
features\images\train\2086.png,Happy
features\images\train\2087.png,Fearful
features\images\train\2088.png,Neutral
features\images\train\2089.png,Neutral
features\images\train\2090.png,Sad
features\images\train\2091.png,Fearful
features\images\train\2092.png,Calm
features\images\train\2093.png,Angry
features\images\train\2094.png,Happy
features\images\train\2095.png,Disgust
features\images\train\2096.png,Angry
features\images\train\2097.png,Calm
features\images\train\2098.png,Angry
features\images\train\2099.png,Happy
features\images\train\2100.png,Neutral
features\images\train\2101.png,Happy
features\images\train\2102.png,Fearful
features\images\train\2103.png,Disgust
features\images\train\2104.png,Calm
features\images\train\2105.png,Fearful
features\images\train\2106.png,Sad
features\images\train\2107.png,Happy
features\images\train\2108.png,Fearful
features\images\train\2109.png,Angry
features\images\train\2110.png,Happy
features\images\train\2111.png,Calm
features\images\train\2112.png,Surprised
features\images\train\2113.png,Calm
features\images\train\2114.png,Sad
features\images\train\2115.png,Angry
features\images\train\2116.png,Sad
features\images\train\2117.png,Sad
features\images\train\2118.png,Disgust
features\images\train\2119.png,Happy
features\images\train\2120.png,Sad
features\images\train\2121.png,Fearful
features\images\train\2122.png,Angry
features\images\train\2123.png,Disgust
features\images\train\2124.png,Angry
features\images\train\2125.png,Surprised
features\images\train\2126.png,Happy
features\images\train\2127.png,Surprised
features\images\train\2128.png,Fearful
features\images\train\2129.png,Angry
features\images\train\2130.png,Disgust
features\images\train\2131.png,Angry
features\images\train\2132.png,Calm
features\images\train\2133.png,Sad
features\images\train\2134.png,Sad
features\images\train\2135.png,Surprised
features\images\train\2136.png,Surprised
features\images\train\2137.png,Disgust
features\images\train\2138.png,Disgust
features\images\train\2139.png,Happy
features\images\train\2140.png,Surprised
features\images\train\2141.png,Angry
features\images\train\2142.png,Disgust
features\images\train\2143.png,Angry
features\images\train\2144.png,Sad
features\images\train\2145.png,Angry
features\images\train\2146.png,Fearful
features\images\train\2147.png,Happy
features\images\train\2148.png,Sad
features\images\train\2149.png,Neutral
features\images\train\2150.png,Angry
features\images\train\2151.png,Sad
features\images\train\2152.png,Disgust
features\images\train\2153.png,Calm
features\images\train\2154.png,Angry
features\images\train\2155.png,Sad
features\images\train\2156.png,Angry
features\images\train\2157.png,Angry
features\images\train\2158.png,Angry
features\images\train\2159.png,Fearful
features\images\train\2160.png,Fearful
features\images\train\2161.png,Angry
features\images\train\2162.png,Angry
features\images\train\2163.png,Fearful
features\images\train\2164.png,Disgust
features\images\train\2165.png,Disgust
features\images\train\2166.png,Sad
features\images\train\2167.png,Fearful
features\images\train\2168.png,Calm
features\images\train\2169.png,Sad
features\images\train\2170.png,Calm
features\images\train\2171.png,Neutral
features\images\train\2172.png,Calm
features\images\train\2173.png,Disgust
features\images\train\2174.png,Calm
features\images\train\2175.png,Surprised
features\images\train\2176.png,Surprised
features\images\train\2177.png,Neutral
features\images\train\2178.png,Surprised
features\images\train\2179.png,Calm
features\images\train\2180.png,Angry
features\images\train\2181.png,Happy
features\images\train\2182.png,Calm
features\images\train\2183.png,Calm
features\images\train\2184.png,Calm
features\images\train\2185.png,Neutral
features\images\train\2186.png,Sad
features\images\train\2187.png,Surprised
features\images\train\2188.png,Happy
features\images\train\2189.png,Happy
features\images\train\2190.png,Calm
features\images\train\2191.png,Disgust
features\images\train\2192.png,Calm
features\images\train\2193.png,Angry
features\images\train\2194.png,Happy
features\images\train\2195.png,Happy
features\images\train\2196.png,Angry
features\images\train\2197.png,Surprised
features\images\train\2198.png,Calm
features\images\train\2199.png,Fearful
features\images\train\2200.png,Angry
features\images\train\2201.png,Sad
features\images\train\2202.png,Disgust
features\images\train\2203.png,Disgust
features\images\train\2204.png,Surprised
features\images\train\2205.png,Sad
features\images\train\2206.png,Calm
features\images\train\2207.png,Sad
features\images\train\2208.png,Surprised
features\images\train\2209.png,Angry
features\images\train\2210.png,Calm
features\images\train\2211.png,Sad
features\images\train\2212.png,Surprised
features\images\train\2213.png,Neutral
features\images\train\2214.png,Sad
features\images\train\2215.png,Angry
features\images\train\2216.png,Angry
features\images\train\2217.png,Sad
features\images\train\2218.png,Fearful
features\images\train\2219.png,Happy
features\images\train\2220.png,Neutral
features\images\train\2221.png,Calm
features\images\train\2222.png,Sad
features\images\train\2223.png,Angry
features\images\train\2224.png,Angry
features\images\train\2225.png,Surprised
features\images\train\2226.png,Happy
features\images\train\2227.png,Sad
features\images\train\2228.png,Calm
features\images\train\2229.png,Disgust
features\images\train\2230.png,Fearful
features\images\train\2231.png,Calm
features\images\train\2232.png,Angry
features\images\train\2233.png,Angry
features\images\train\2234.png,Sad
features\images\train\2235.png,Sad
features\images\train\2236.png,Calm
features\images\train\2237.png,Angry
features\images\train\2238.png,Angry
features\images\train\2239.png,Disgust
features\images\train\2240.png,Happy
features\images\train\2241.png,Surprised
features\images\train\2242.png,Sad
features\images\train\2243.png,Happy
features\images\train\2244.png,Happy
features\images\train\2245.png,Neutral
features\images\train\2246.png,Sad
features\images\train\2247.png,Happy
features\images\train\2248.png,Neutral
features\images\train\2249.png,Angry
features\images\train\2250.png,Calm
features\images\train\2251.png,Surprised
features\images\train\2252.png,Neutral
features\images\train\2253.png,Disgust
features\images\train\2254.png,Sad
features\images\train\2255.png,Angry
features\images\train\2256.png,Fearful
features\images\train\2257.png,Calm
features\images\train\2258.png,Surprised
features\images\train\2259.png,Disgust
features\images\train\2260.png,Sad
features\images\train\2261.png,Angry
features\images\train\2262.png,Calm
features\images\train\2263.png,Happy
features\images\train\2264.png,Calm
features\images\train\2265.png,Disgust
features\images\train\2266.png,Calm
features\images\train\2267.png,Disgust
features\images\train\2268.png,Sad
features\images\train\2269.png,Sad
features\images\train\2270.png,Disgust
features\images\train\2271.png,Sad
features\images\train\2272.png,Angry
features\images\train\2273.png,Sad
features\images\train\2274.png,Angry
features\images\train\2275.png,Surprised
features\images\train\2276.png,Fearful
features\images\train\2277.png,Disgust
features\images\train\2278.png,Angry
features\images\train\2279.png,Happy
features\images\train\2280.png,Happy
features\images\train\2281.png,Disgust
features\images\train\2282.png,Calm
features\images\train\2283.png,Surprised
features\images\train\2284.png,Disgust
features\images\train\2285.png,Fearful
features\images\train\2286.png,Disgust
features\images\train\2287.png,Happy
features\images\train\2288.png,Sad
features\images\train\2289.png,Disgust
features\images\train\2290.png,Angry
features\images\train\2291.png,Happy
features\images\train\2292.png,Angry
features\images\train\2293.png,Sad
features\images\train\2294.png,Fearful
features\images\train\2295.png,Happy
features\images\train\2296.png,Fearful
features\images\train\2297.png,Happy
features\images\train\2298.png,Calm
features\images\train\2299.png,Fearful
features\images\train\2300.png,Fearful
features\images\train\2301.png,Disgust
features\images\train\2302.png,Happy
features\images\train\2303.png,Sad
features\images\train\2304.png,Sad
features\images\train\2305.png,Calm
features\images\train\2306.png,Happy
features\images\train\2307.png,Disgust
features\images\train\2308.png,Angry
features\images\train\2309.png,Calm
features\images\train\2310.png,Sad
features\images\train\2311.png,Angry
features\images\train\2312.png,Angry
features\images\train\2313.png,Happy
features\images\train\2314.png,Angry
features\images\train\2315.png,Happy
features\images\train\2316.png,Angry
features\images\train\2317.png,Surprised
features\images\train\2318.png,Fearful
features\images\train\2319.png,Angry
features\images\train\2320.png,Neutral
features\images\train\2321.png,Calm
features\images\train\2322.png,Sad
features\images\train\2323.png,Calm
features\images\train\2324.png,Happy
features\images\train\2325.png,Angry
features\images\train\2326.png,Surprised
features\images\train\2327.png,Disgust
features\images\train\2328.png,Angry
features\images\train\2329.png,Sad
features\images\train\2330.png,Angry
features\images\train\2331.png,Fearful
features\images\train\2332.png,Angry
features\images\train\2333.png,Angry
features\images\train\2334.png,Fearful
features\images\train\2335.png,Surprised
features\images\train\2336.png,Happy
features\images\train\2337.png,Neutral
features\images\train\2338.png,Calm
features\images\train\2339.png,Neutral
features\images\train\2340.png,Angry
features\images\train\2341.png,Fearful
features\images\train\2342.png,Fearful
features\images\train\2343.png,Sad
features\images\train\2344.png,Angry
features\images\train\2345.png,Surprised
features\images\train\2346.png,Neutral
features\images\train\2347.png,Sad
features\images\train\2348.png,Fearful
features\images\train\2349.png,Fearful
features\images\train\2350.png,Sad
features\images\train\2351.png,Happy
features\images\train\2352.png,Happy
features\images\train\2353.png,Calm
features\images\train\2354.png,Neutral
features\images\train\2355.png,Fearful
features\images\train\2356.png,Disgust
features\images\train\2357.png,Fearful
features\images\train\2358.png,Angry
features\images\train\2359.png,Disgust
features\images\train\2360.png,Sad
features\images\train\2361.png,Disgust
features\images\train\2362.png,Sad
features\images\train\2363.png,Angry
features\images\train\2364.png,Calm
features\images\train\2365.png,Happy
features\images\train\2366.png,Happy
features\images\train\2367.png,Neutral
features\images\train\2368.png,Fearful
features\images\train\2369.png,Angry
features\images\train\2370.png,Surprised
features\images\train\2371.png,Happy
features\images\train\2372.png,Happy
features\images\train\2373.png,Surprised
features\images\train\2374.png,Angry
features\images\train\2375.png,Happy
features\images\train\2376.png,Angry
features\images\train\2377.png,Neutral
features\images\train\2378.png,Angry
features\images\train\2379.png,Disgust
features\images\train\2380.png,Sad
features\images\train\2381.png,Calm
features\images\train\2382.png,Fearful
features\images\train\2383.png,Sad
features\images\train\2384.png,Calm
features\images\train\2385.png,Disgust
features\images\train\2386.png,Sad
features\images\train\2387.png,Angry
features\images\train\2388.png,Calm
features\images\train\2389.png,Neutral
features\images\train\2390.png,Surprised
features\images\train\2391.png,Surprised
features\images\train\2392.png,Angry
features\images\train\2393.png,Disgust
features\images\train\2394.png,Calm
features\images\train\2395.png,Fearful
features\images\train\2396.png,Calm
features\images\train\2397.png,Happy
features\images\train\2398.png,Calm
features\images\train\2399.png,Neutral
features\images\train\2400.png,Calm
features\images\train\2401.png,Happy
features\images\train\2402.png,Sad
features\images\train\2403.png,Happy
features\images\train\2404.png,Calm
features\images\train\2405.png,Sad
features\images\train\2406.png,Neutral
features\images\train\2407.png,Angry
features\images\train\2408.png,Disgust
features\images\train\2409.png,Neutral
features\images\train\2410.png,Happy
features\images\train\2411.png,Disgust
features\images\train\2412.png,Surprised
features\images\train\2413.png,Surprised
features\images\train\2414.png,Calm
features\images\train\2415.png,Calm
features\images\train\2416.png,Fearful
features\images\train\2417.png,Fearful
features\images\train\2418.png,Calm
features\images\train\2419.png,Happy
features\images\train\2420.png,Fearful
features\images\train\2421.png,Angry
features\images\train\2422.png,Fearful
features\images\train\2423.png,Sad
features\images\train\2424.png,Calm
features\images\train\2425.png,Angry
features\images\train\2426.png,Happy
features\images\train\2427.png,Sad
features\images\train\2428.png,Sad
features\images\train\2429.png,Happy
features\images\train\2430.png,Disgust
features\images\train\2431.png,Sad
features\images\train\2432.png,Happy
features\images\train\2433.png,Fearful
features\images\train\2434.png,Fearful
features\images\train\2435.png,Happy
features\images\train\2436.png,Surprised
features\images\train\2437.png,Happy
features\images\train\2438.png,Happy
features\images\train\2439.png,Angry
features\images\train\2440.png,Sad
features\images\train\2441.png,Angry
features\images\train\2442.png,Sad
features\images\train\2443.png,Angry
features\images\train\2444.png,Calm
features\images\train\2445.png,Happy
features\images\train\2446.png,Fearful
features\images\train\2447.png,Fearful
features\images\train\2448.png,Sad
features\images\train\2449.png,Surprised
features\images\train\2450.png,Fearful
features\images\train\2451.png,Sad
features\images\train\2452.png,Surprised
features\images\train\2453.png,Angry
features\images\train\2454.png,Angry
features\images\train\2455.png,Surprised
features\images\train\2456.png,Sad
features\images\train\2457.png,Fearful
features\images\train\2458.png,Disgust
features\images\train\2459.png,Angry
features\images\train\2460.png,Disgust
features\images\train\2461.png,Angry
features\images\train\2462.png,Disgust
features\images\train\2463.png,Disgust
features\images\train\2464.png,Neutral
features\images\train\2465.png,Neutral
features\images\train\2466.png,Disgust
features\images\train\2467.png,Fearful
features\images\train\2468.png,Disgust
features\images\train\2469.png,Surprised
features\images\train\2470.png,Happy
features\images\train\2471.png,Fearful
features\images\train\2472.png,Disgust
features\images\train\2473.png,Disgust
features\images\train\2474.png,Fearful
features\images\train\2475.png,Calm
features\images\train\2476.png,Happy
features\images\train\2477.png,Sad
features\images\train\2478.png,Fearful
features\images\train\2479.png,Surprised
features\images\train\2480.png,Sad
features\images\train\2481.png,Disgust
features\images\train\2482.png,Disgust
features\images\train\2483.png,Calm
features\images\train\2484.png,Happy
features\images\train\2485.png,Disgust
features\images\train\2486.png,Angry
features\images\train\2487.png,Surprised
features\images\train\2488.png,Disgust
features\images\train\2489.png,Calm
features\images\train\2490.png,Angry
features\images\train\2491.png,Sad
features\images\train\2492.png,Neutral
features\images\train\2493.png,Neutral
features\images\train\2494.png,Surprised
features\images\train\2495.png,Happy
features\images\train\2496.png,Disgust
features\images\train\2497.png,Sad
features\images\train\2498.png,Sad
features\images\train\2499.png,Calm
features\images\train\2500.png,Angry
features\images\train\2501.png,Happy
features\images\train\2502.png,Neutral
features\images\train\2503.png,Sad
features\images\train\2504.png,Disgust
features\images\train\2505.png,Fearful
features\images\train\2506.png,Neutral
features\images\train\2507.png,Angry
features\images\train\2508.png,Happy
features\images\train\2509.png,Calm
features\images\train\2510.png,Fearful
features\images\train\2511.png,Disgust
features\images\train\2512.png,Calm
features\images\train\2513.png,Happy
features\images\train\2514.png,Fearful
features\images\train\2515.png,Calm
features\images\train\2516.png,Angry
features\images\train\2517.png,Fearful
features\images\train\2518.png,Happy
features\images\train\2519.png,Calm
features\images\train\2520.png,Fearful
features\images\train\2521.png,Happy
features\images\train\2522.png,Fearful
features\images\train\2523.png,Sad
features\images\train\2524.png,Happy
features\images\train\2525.png,Angry
features\images\train\2526.png,Angry
features\images\train\2527.png,Disgust
features\images\train\2528.png,Calm
features\images\train\2529.png,Fearful
features\images\train\2530.png,Angry
features\images\train\2531.png,Neutral
features\images\train\2532.png,Calm
features\images\train\2533.png,Happy
features\images\train\2534.png,Fearful
features\images\train\2535.png,Sad
features\images\train\2536.png,Disgust
features\images\train\2537.png,Fearful
features\images\train\2538.png,Neutral
features\images\train\2539.png,Neutral
features\images\train\2540.png,Fearful
features\images\train\2541.png,Sad
features\images\train\2542.png,Neutral
features\images\train\2543.png,Sad
features\images\train\2544.png,Sad
features\images\train\2545.png,Angry
features\images\train\2546.png,Sad
features\images\train\2547.png,Happy
features\images\train\2548.png,Surprised
features\images\train\2549.png,Happy
features\images\train\2550.png,Angry
features\images\train\2551.png,Sad
features\images\train\2552.png,Calm
features\images\train\2553.png,Disgust
features\images\train\2554.png,Fearful
features\images\train\2555.png,Angry
features\images\train\2556.png,Disgust
features\images\train\2557.png,Surprised
features\images\train\2558.png,Angry
features\images\train\2559.png,Surprised
features\images\train\2560.png,Disgust
features\images\train\2561.png,Fearful
features\images\train\2562.png,Neutral
features\images\train\2563.png,Sad
features\images\train\2564.png,Calm
features\images\train\2565.png,Happy
features\images\train\2566.png,Calm
features\images\train\2567.png,Calm
features\images\train\2568.png,Angry
features\images\train\2569.png,Sad
features\images\train\2570.png,Angry
features\images\train\2571.png,Sad
features\images\train\2572.png,Happy
features\images\train\2573.png,Angry
features\images\train\2574.png,Happy
features\images\train\2575.png,Calm
features\images\train\2576.png,Calm
features\images\train\2577.png,Happy
features\images\train\2578.png,Happy
features\images\train\2579.png,Happy
features\images\train\2580.png,Fearful
features\images\train\2581.png,Calm
features\images\train\2582.png,Surprised
features\images\train\2583.png,Disgust
features\images\train\2584.png,Angry
features\images\train\2585.png,Happy
features\images\train\2586.png,Fearful
features\images\train\2587.png,Angry
features\images\train\2588.png,Happy
features\images\train\2589.png,Happy
features\images\train\2590.png,Sad
features\images\train\2591.png,Angry
features\images\train\2592.png,Sad
features\images\train\2593.png,Fearful
features\images\train\2594.png,Fearful
features\images\train\2595.png,Disgust
features\images\train\2596.png,Fearful
features\images\train\2597.png,Happy
features\images\train\2598.png,Calm
features\images\train\2599.png,Fearful
features\images\train\2600.png,Calm
features\images\train\2601.png,Sad
features\images\train\2602.png,Happy
features\images\train\2603.png,Fearful
features\images\train\2604.png,Disgust
features\images\train\2605.png,Neutral
features\images\train\2606.png,Neutral
features\images\train\2607.png,Fearful
features\images\train\2608.png,Sad
features\images\train\2609.png,Fearful
features\images\train\2610.png,Happy
features\images\train\2611.png,Happy
features\images\train\2612.png,Surprised
features\images\train\2613.png,Neutral
features\images\train\2614.png,Happy
features\images\train\2615.png,Sad
features\images\train\2616.png,Neutral
features\images\train\2617.png,Surprised
features\images\train\2618.png,Calm
features\images\train\2619.png,Surprised
features\images\train\2620.png,Neutral
features\images\train\2621.png,Fearful
features\images\train\2622.png,Sad
features\images\train\2623.png,Surprised
features\images\train\2624.png,Disgust
features\images\train\2625.png,Calm
features\images\train\2626.png,Calm
features\images\train\2627.png,Angry
features\images\train\2628.png,Angry
features\images\train\2629.png,Calm
features\images\train\2630.png,Sad
features\images\train\2631.png,Happy
features\images\train\2632.png,Surprised
features\images\train\2633.png,Happy
features\images\train\2634.png,Disgust
features\images\train\2635.png,Fearful
features\images\train\2636.png,Sad
features\images\train\2637.png,Sad
features\images\train\2638.png,Disgust
features\images\train\2639.png,Happy
features\images\train\2640.png,Calm
features\images\train\2641.png,Angry
features\images\train\2642.png,Surprised
features\images\train\2643.png,Surprised
features\images\train\2644.png,Fearful
features\images\train\2645.png,Neutral
features\images\train\2646.png,Calm
features\images\train\2647.png,Surprised
features\images\train\2648.png,Happy
features\images\train\2649.png,Neutral
features\images\train\2650.png,Angry
features\images\train\2651.png,Surprised
features\images\train\2652.png,Angry
features\images\train\2653.png,Calm
features\images\train\2654.png,Happy
features\images\train\2655.png,Disgust
features\images\train\2656.png,Happy
features\images\train\2657.png,Calm
features\images\train\2658.png,Fearful
features\images\train\2659.png,Sad
features\images\train\2660.png,Angry
features\images\train\2661.png,Sad
features\images\train\2662.png,Fearful
features\images\train\2663.png,Calm
features\images\train\2664.png,Angry
features\images\train\2665.png,Sad
features\images\train\2666.png,Fearful
features\images\train\2667.png,Sad
features\images\train\2668.png,Angry
features\images\train\2669.png,Angry
features\images\train\2670.png,Neutral
features\images\train\2671.png,Sad
features\images\train\2672.png,Happy
features\images\train\2673.png,Calm
features\images\train\2674.png,Neutral
features\images\train\2675.png,Happy
features\images\train\2676.png,Fearful
features\images\train\2677.png,Sad
features\images\train\2678.png,Fearful
features\images\train\2679.png,Neutral
features\images\train\2680.png,Happy
features\images\train\2681.png,Surprised
features\images\train\2682.png,Sad
features\images\train\2683.png,Surprised
features\images\train\2684.png,Sad
features\images\train\2685.png,Calm
features\images\train\2686.png,Happy
features\images\train\2687.png,Angry
features\images\train\2688.png,Disgust
features\images\train\2689.png,Sad
features\images\train\2690.png,Angry
features\images\train\2691.png,Happy
features\images\train\2692.png,Sad
features\images\train\2693.png,Disgust
features\images\train\2694.png,Fearful
features\images\train\2695.png,Sad
features\images\train\2696.png,Happy
features\images\train\2697.png,Happy
features\images\train\2698.png,Sad
features\images\train\2699.png,Fearful
features\images\train\2700.png,Angry
features\images\train\2701.png,Calm
features\images\train\2702.png,Happy
features\images\train\2703.png,Calm
features\images\train\2704.png,Neutral
features\images\train\2705.png,Calm
features\images\train\2706.png,Calm
features\images\train\2707.png,Surprised
features\images\train\2708.png,Disgust
features\images\train\2709.png,Angry
features\images\train\2710.png,Surprised
features\images\train\2711.png,Calm
features\images\train\2712.png,Disgust
features\images\train\2713.png,Sad
features\images\train\2714.png,Happy
features\images\train\2715.png,Fearful
features\images\train\2716.png,Disgust
features\images\train\2717.png,Sad
features\images\train\2718.png,Happy
features\images\train\2719.png,Sad
features\images\train\2720.png,Happy
features\images\train\2721.png,Fearful
features\images\train\2722.png,Surprised
features\images\train\2723.png,Angry
features\images\train\2724.png,Surprised
features\images\train\2725.png,Calm
features\images\train\2726.png,Angry
features\images\train\2727.png,Angry
features\images\train\2728.png,Surprised
features\images\train\2729.png,Disgust
features\images\train\2730.png,Surprised
features\images\train\2731.png,Sad
features\images\train\2732.png,Happy
features\images\train\2733.png,Sad
features\images\train\2734.png,Fearful
features\images\train\2735.png,Calm
features\images\train\2736.png,Calm
features\images\train\2737.png,Fearful
features\images\train\2738.png,Angry
features\images\train\2739.png,Sad
features\images\train\2740.png,Sad
features\images\train\2741.png,Calm
features\images\train\2742.png,Calm
features\images\train\2743.png,Angry
features\images\train\2744.png,Angry
features\images\train\2745.png,Angry
features\images\train\2746.png,Surprised
features\images\train\2747.png,Angry
features\images\train\2748.png,Sad
features\images\train\2749.png,Surprised
features\images\train\2750.png,Calm
features\images\train\2751.png,Fearful
features\images\train\2752.png,Surprised
features\images\train\2753.png,Sad
features\images\train\2754.png,Angry
features\images\train\2755.png,Fearful
features\images\train\2756.png,Disgust
features\images\train\2757.png,Calm
features\images\train\2758.png,Disgust
features\images\train\2759.png,Happy
features\images\train\2760.png,Surprised
features\images\train\2761.png,Disgust
features\images\train\2762.png,Fearful
features\images\train\2763.png,Happy
features\images\train\2764.png,Fearful
features\images\train\2765.png,Sad
features\images\train\2766.png,Fearful
features\images\train\2767.png,Surprised
features\images\train\2768.png,Surprised
features\images\train\2769.png,Angry
features\images\train\2770.png,Angry
features\images\train\2771.png,Fearful
features\images\train\2772.png,Calm
features\images\train\2773.png,Sad
features\images\train\2774.png,Happy
features\images\train\2775.png,Disgust
features\images\train\2776.png,Surprised
features\images\train\2777.png,Disgust
features\images\train\2778.png,Angry
features\images\train\2779.png,Neutral
features\images\train\2780.png,Happy
features\images\train\2781.png,Happy
features\images\train\2782.png,Sad
features\images\train\2783.png,Surprised
features\images\train\2784.png,Sad
features\images\train\2785.png,Surprised
features\images\train\2786.png,Fearful
features\images\train\2787.png,Sad
features\images\train\2788.png,Disgust
features\images\train\2789.png,Disgust
features\images\train\2790.png,Happy
features\images\train\2791.png,Happy
features\images\train\2792.png,Sad
features\images\train\2793.png,Happy
features\images\train\2794.png,Surprised
features\images\train\2795.png,Disgust
features\images\train\2796.png,Surprised
features\images\train\2797.png,Sad
features\images\train\2798.png,Surprised
features\images\train\2799.png,Sad
features\images\train\2800.png,Sad
features\images\train\2801.png,Calm
features\images\train\2802.png,Calm
features\images\train\2803.png,Happy
features\images\train\2804.png,Happy
features\images\train\2805.png,Happy
features\images\train\2806.png,Surprised
features\images\train\2807.png,Calm
features\images\train\2808.png,Calm
features\images\train\2809.png,Happy
features\images\train\2810.png,Sad
features\images\train\2811.png,Calm
features\images\train\2812.png,Sad
features\images\train\2813.png,Happy
features\images\train\2814.png,Sad
features\images\train\2815.png,Angry
features\images\train\2816.png,Fearful
features\images\train\2817.png,Angry
features\images\train\2818.png,Surprised
features\images\train\2819.png,Neutral
features\images\train\2820.png,Disgust
features\images\train\2821.png,Fearful
features\images\train\2822.png,Happy
features\images\train\2823.png,Calm
features\images\train\2824.png,Calm
features\images\train\2825.png,Surprised
features\images\train\2826.png,Disgust
features\images\train\2827.png,Angry
features\images\train\2828.png,Neutral
features\images\train\2829.png,Angry
features\images\train\2830.png,Calm
features\images\train\2831.png,Neutral
features\images\train\2832.png,Calm
features\images\train\2833.png,Sad
features\images\train\2834.png,Surprised
features\images\train\2835.png,Fearful
features\images\train\2836.png,Fearful
features\images\train\2837.png,Angry
features\images\train\2838.png,Disgust
features\images\train\2839.png,Calm
features\images\train\2840.png,Surprised
features\images\train\2841.png,Surprised
features\images\train\2842.png,Happy
features\images\train\2843.png,Calm
features\images\train\2844.png,Surprised
features\images\train\2845.png,Neutral
features\images\train\2846.png,Calm
features\images\train\2847.png,Happy
features\images\train\2848.png,Neutral
features\images\train\2849.png,Disgust
features\images\train\2850.png,Surprised
features\images\train\2851.png,Sad
features\images\train\2852.png,Surprised
features\images\train\2853.png,Surprised
features\images\train\2854.png,Calm
features\images\train\2855.png,Fearful
features\images\train\2856.png,Angry
features\images\train\2857.png,Disgust
features\images\train\2858.png,Sad
features\images\train\2859.png,Angry
features\images\train\2860.png,Surprised
features\images\train\2861.png,Calm
features\images\train\2862.png,Disgust
features\images\train\2863.png,Fearful
features\images\train\2864.png,Surprised
features\images\train\2865.png,Fearful
features\images\train\2866.png,Happy
features\images\train\2867.png,Disgust
features\images\train\2868.png,Disgust
features\images\train\2869.png,Happy
features\images\train\2870.png,Sad
features\images\train\2871.png,Fearful
features\images\train\2872.png,Sad
features\images\train\2873.png,Surprised
features\images\train\2874.png,Disgust
features\images\train\2875.png,Happy
features\images\train\2876.png,Calm
features\images\train\2877.png,Fearful
features\images\train\2878.png,Disgust
features\images\train\2879.png,Calm
features\images\train\2880.png,Disgust
features\images\train\2881.png,Sad
features\images\train\2882.png,Calm
features\images\train\2883.png,Angry
features\images\train\2884.png,Fearful
features\images\train\2885.png,Sad
features\images\train\2886.png,Surprised
features\images\train\2887.png,Disgust
features\images\train\2888.png,Surprised
features\images\train\2889.png,Happy
features\images\train\2890.png,Angry
features\images\train\2891.png,Angry
features\images\train\2892.png,Calm
features\images\train\2893.png,Disgust
features\images\train\2894.png,Disgust
features\images\train\2895.png,Neutral
features\images\train\2896.png,Happy
features\images\train\2897.png,Surprised
features\images\train\2898.png,Disgust
features\images\train\2899.png,Calm
features\images\train\2900.png,Fearful
features\images\train\2901.png,Sad
features\images\train\2902.png,Disgust
features\images\train\2903.png,Surprised
features\images\train\2904.png,Fearful
features\images\train\2905.png,Disgust
features\images\train\2906.png,Surprised
features\images\train\2907.png,Surprised
features\images\train\2908.png,Calm
features\images\train\2909.png,Fearful
features\images\train\2910.png,Surprised
features\images\train\2911.png,Disgust
features\images\train\2912.png,Surprised
features\images\train\2913.png,Calm
features\images\train\2914.png,Disgust
features\images\train\2915.png,Happy
features\images\train\2916.png,Happy
features\images\train\2917.png,Surprised
features\images\train\2918.png,Sad
features\images\train\2919.png,Sad
features\images\train\2920.png,Happy
features\images\train\2921.png,Sad
features\images\train\2922.png,Happy
features\images\train\2923.png,Calm
features\images\train\2924.png,Angry
features\images\train\2925.png,Happy
features\images\train\2926.png,Happy
features\images\train\2927.png,Calm
features\images\train\2928.png,Surprised
features\images\train\2929.png,Happy
features\images\train\2930.png,Disgust
features\images\train\2931.png,Sad
features\images\train\2932.png,Happy
features\images\train\2933.png,Fearful
features\images\train\2934.png,Sad
features\images\train\2935.png,Angry
features\images\train\2936.png,Calm
features\images\train\2937.png,Sad
features\images\train\2938.png,Disgust
features\images\train\2939.png,Surprised
features\images\train\2940.png,Happy
features\images\train\2941.png,Disgust
features\images\train\2942.png,Neutral
features\images\train\2943.png,Neutral
features\images\train\2944.png,Happy
features\images\train\2945.png,Happy
features\images\train\2946.png,Disgust
features\images\train\2947.png,Angry
features\images\train\2948.png,Happy
features\images\train\2949.png,Happy
features\images\train\2950.png,Surprised
features\images\train\2951.png,Sad
features\images\train\2952.png,Surprised
features\images\train\2953.png,Calm
features\images\train\2954.png,Sad
features\images\train\2955.png,Fearful
features\images\train\2956.png,Fearful
features\images\train\2957.png,Surprised
features\images\train\2958.png,Angry
features\images\train\2959.png,Disgust
features\images\train\2960.png,Neutral
features\images\train\2961.png,Neutral
features\images\train\2962.png,Calm
features\images\train\2963.png,Happy
features\images\train\2964.png,Disgust
features\images\train\2965.png,Disgust
features\images\train\2966.png,Calm
features\images\train\2967.png,Neutral
features\images\train\2968.png,Sad
features\images\train\2969.png,Happy
features\images\train\2970.png,Angry
features\images\train\2971.png,Angry
features\images\train\2972.png,Neutral
features\images\train\2973.png,Neutral
features\images\train\2974.png,Calm
features\images\train\2975.png,Fearful
features\images\train\2976.png,Calm
features\images\train\2977.png,Sad
features\images\train\2978.png,Sad
features\images\train\2979.png,Disgust
features\images\train\2980.png,Surprised
features\images\train\2981.png,Fearful
features\images\train\2982.png,Fearful
features\images\train\2983.png,Disgust
features\images\train\2984.png,Sad
features\images\train\2985.png,Calm
features\images\train\2986.png,Surprised
features\images\train\2987.png,Angry
features\images\train\2988.png,Happy
features\images\train\2989.png,Angry
features\images\train\2990.png,Calm
features\images\train\2991.png,Angry
features\images\train\2992.png,Surprised
features\images\train\2993.png,Sad
features\images\train\2994.png,Surprised
features\images\train\2995.png,Happy
features\images\train\2996.png,Sad
features\images\train\2997.png,Happy
features\images\train\2998.png,Disgust
features\images\train\2999.png,Calm
features\images\train\3000.png,Angry
features\images\train\3001.png,Surprised
features\images\train\3002.png,Neutral
features\images\train\3003.png,Angry
features\images\train\3004.png,Calm
features\images\train\3005.png,Calm
features\images\train\3006.png,Disgust
features\images\train\3007.png,Calm
features\images\train\3008.png,Neutral
features\images\train\3009.png,Happy
features\images\train\3010.png,Calm
features\images\train\3011.png,Fearful
features\images\train\3012.png,Sad
features\images\train\3013.png,Surprised
features\images\train\3014.png,Happy
features\images\train\3015.png,Surprised
features\images\train\3016.png,Sad
features\images\train\3017.png,Angry
features\images\train\3018.png,Angry
features\images\train\3019.png,Disgust
features\images\train\3020.png,Fearful
features\images\train\3021.png,Disgust
features\images\train\3022.png,Happy
features\images\train\3023.png,Sad
features\images\train\3024.png,Angry
features\images\train\3025.png,Angry
features\images\train\3026.png,Sad
features\images\train\3027.png,Angry
features\images\train\3028.png,Disgust
features\images\train\3029.png,Sad
features\images\train\3030.png,Fearful
features\images\train\3031.png,Happy
features\images\train\3032.png,Calm
features\images\train\3033.png,Sad
features\images\train\3034.png,Neutral
features\images\train\3035.png,Fearful
features\images\train\3036.png,Sad
features\images\train\3037.png,Calm
features\images\train\3038.png,Surprised
features\images\train\3039.png,Happy
features\images\train\3040.png,Happy
features\images\train\3041.png,Surprised
features\images\train\3042.png,Surprised
features\images\train\3043.png,Neutral
features\images\train\3044.png,Surprised
features\images\train\3045.png,Sad
features\images\train\3046.png,Fearful
features\images\train\3047.png,Surprised
features\images\train\3048.png,Sad
features\images\train\3049.png,Disgust
features\images\train\3050.png,Sad
features\images\train\3051.png,Neutral
features\images\train\3052.png,Fearful
features\images\train\3053.png,Neutral
features\images\train\3054.png,Angry
features\images\train\3055.png,Fearful
features\images\train\3056.png,Neutral
features\images\train\3057.png,Disgust
features\images\train\3058.png,Angry
features\images\train\3059.png,Calm
features\images\train\3060.png,Fearful
features\images\train\3061.png,Surprised
features\images\train\3062.png,Angry
features\images\train\3063.png,Fearful
features\images\train\3064.png,Fearful
features\images\train\3065.png,Angry
features\images\train\3066.png,Sad
features\images\train\3067.png,Sad
features\images\train\3068.png,Sad
features\images\train\3069.png,Angry
features\images\train\3070.png,Fearful
features\images\train\3071.png,Sad
features\images\train\3072.png,Happy
features\images\train\3073.png,Calm
features\images\train\3074.png,Fearful
features\images\train\3075.png,Happy
features\images\train\3076.png,Neutral
features\images\train\3077.png,Sad
features\images\train\3078.png,Disgust
features\images\train\3079.png,Fearful
features\images\train\3080.png,Angry
features\images\train\3081.png,Disgust
features\images\train\3082.png,Disgust
features\images\train\3083.png,Surprised
features\images\train\3084.png,Disgust
features\images\train\3085.png,Sad
features\images\train\3086.png,Neutral
features\images\train\3087.png,Fearful
features\images\train\3088.png,Sad
features\images\train\3089.png,Surprised
features\images\train\3090.png,Calm
features\images\train\3091.png,Happy
features\images\train\3092.png,Sad
features\images\train\3093.png,Happy
features\images\train\3094.png,Sad
features\images\train\3095.png,Angry
features\images\train\3096.png,Disgust
features\images\train\3097.png,Angry
features\images\train\3098.png,Disgust
features\images\train\3099.png,Surprised
features\images\train\3100.png,Sad
features\images\train\3101.png,Angry
features\images\train\3102.png,Disgust
features\images\train\3103.png,Happy
features\images\train\3104.png,Fearful
features\images\train\3105.png,Happy
features\images\train\3106.png,Surprised
features\images\train\3107.png,Fearful
features\images\train\3108.png,Angry
features\images\train\3109.png,Happy
features\images\train\3110.png,Surprised
features\images\train\3111.png,Surprised
features\images\train\3112.png,Disgust
features\images\train\3113.png,Happy
features\images\train\3114.png,Happy
features\images\train\3115.png,Happy
features\images\train\3116.png,Disgust
features\images\train\3117.png,Calm
features\images\train\3118.png,Sad
features\images\train\3119.png,Calm
features\images\train\3120.png,Angry
features\images\train\3121.png,Calm
features\images\train\3122.png,Disgust
features\images\train\3123.png,Disgust
features\images\train\3124.png,Surprised
features\images\train\3125.png,Calm
features\images\train\3126.png,Fearful
features\images\train\3127.png,Sad
features\images\train\3128.png,Happy
features\images\train\3129.png,Sad
features\images\train\3130.png,Fearful
features\images\train\3131.png,Surprised
features\images\train\3132.png,Surprised
features\images\train\3133.png,Disgust
features\images\train\3134.png,Disgust
features\images\train\3135.png,Disgust
features\images\train\3136.png,Calm
features\images\train\3137.png,Sad
features\images\train\3138.png,Surprised
features\images\train\3139.png,Calm
features\images\train\3140.png,Surprised
features\images\train\3141.png,Fearful
features\images\train\3142.png,Fearful
features\images\train\3143.png,Sad
features\images\train\3144.png,Sad
features\images\train\3145.png,Fearful
features\images\train\3146.png,Neutral
features\images\train\3147.png,Angry
features\images\train\3148.png,Happy
features\images\train\3149.png,Disgust
features\images\train\3150.png,Happy
features\images\train\3151.png,Neutral
features\images\train\3152.png,Sad
features\images\train\3153.png,Surprised
features\images\train\3154.png,Angry
features\images\train\3155.png,Happy
features\images\train\3156.png,Sad
features\images\train\3157.png,Happy
features\images\train\3158.png,Happy
features\images\train\3159.png,Calm
features\images\train\3160.png,Disgust
features\images\train\3161.png,Angry
features\images\train\3162.png,Happy
features\images\train\3163.png,Disgust
features\images\train\3164.png,Disgust
features\images\train\3165.png,Angry
features\images\train\3166.png,Disgust
features\images\train\3167.png,Disgust
features\images\train\3168.png,Surprised
features\images\train\3169.png,Sad
features\images\train\3170.png,Disgust
features\images\train\3171.png,Sad
features\images\train\3172.png,Surprised
features\images\train\3173.png,Neutral
features\images\train\3174.png,Disgust
features\images\train\3175.png,Neutral
features\images\train\3176.png,Disgust
features\images\train\3177.png,Fearful
features\images\train\3178.png,Fearful
features\images\train\3179.png,Angry
features\images\train\3180.png,Surprised
features\images\train\3181.png,Surprised
features\images\train\3182.png,Neutral
features\images\train\3183.png,Neutral
features\images\train\3184.png,Neutral
features\images\train\3185.png,Calm
features\images\train\3186.png,Calm
features\images\train\3187.png,Happy
features\images\train\3188.png,Surprised
features\images\train\3189.png,Surprised
features\images\train\3190.png,Happy
features\images\train\3191.png,Angry
features\images\train\3192.png,Calm
features\images\train\3193.png,Neutral
features\images\train\3194.png,Happy
features\images\train\3195.png,Disgust
features\images\train\3196.png,Calm
features\images\train\3197.png,Sad
features\images\train\3198.png,Surprised
features\images\train\3199.png,Fearful
features\images\train\3200.png,Surprised
features\images\train\3201.png,Disgust
features\images\train\3202.png,Neutral
features\images\train\3203.png,Surprised
features\images\train\3204.png,Surprised
features\images\train\3205.png,Fearful
features\images\train\3206.png,Surprised
features\images\train\3207.png,Neutral
features\images\train\3208.png,Fearful
features\images\train\3209.png,Sad
features\images\train\3210.png,Neutral
features\images\train\3211.png,Angry
features\images\train\3212.png,Calm
features\images\train\3213.png,Disgust
features\images\train\3214.png,Surprised
features\images\train\3215.png,Sad
features\images\train\3216.png,Happy
features\images\train\3217.png,Fearful
features\images\train\3218.png,Fearful
features\images\train\3219.png,Disgust
features\images\train\3220.png,Surprised
features\images\train\3221.png,Neutral
features\images\train\3222.png,Angry
features\images\train\3223.png,Fearful
features\images\train\3224.png,Calm
features\images\train\3225.png,Disgust
features\images\train\3226.png,Calm
features\images\train\3227.png,Sad
features\images\train\3228.png,Happy
features\images\train\3229.png,Neutral
features\images\train\3230.png,Surprised
features\images\train\3231.png,Surprised
features\images\train\3232.png,Happy
features\images\train\3233.png,Fearful
features\images\train\3234.png,Angry
features\images\train\3235.png,Fearful
features\images\train\3236.png,Disgust
features\images\train\3237.png,Calm
features\images\train\3238.png,Happy
features\images\train\3239.png,Sad
features\images\train\3240.png,Sad
features\images\train\3241.png,Disgust
features\images\train\3242.png,Happy
features\images\train\3243.png,Fearful
features\images\train\3244.png,Sad
features\images\train\3245.png,Disgust
features\images\train\3246.png,Sad
features\images\train\3247.png,Surprised
features\images\train\3248.png,Disgust
features\images\train\3249.png,Surprised
features\images\train\3250.png,Fearful
features\images\train\3251.png,Angry
features\images\train\3252.png,Happy
features\images\train\3253.png,Neutral
features\images\train\3254.png,Angry
features\images\train\3255.png,Neutral
features\images\train\3256.png,Disgust
features\images\train\3257.png,Disgust
features\images\train\3258.png,Fearful
features\images\train\3259.png,Fearful
features\images\train\3260.png,Surprised
features\images\train\3261.png,Surprised
features\images\train\3262.png,Neutral
features\images\train\3263.png,Surprised
features\images\train\3264.png,Disgust
features\images\train\3265.png,Disgust
features\images\train\3266.png,Disgust
features\images\train\3267.png,Happy
features\images\train\3268.png,Fearful
features\images\train\3269.png,Disgust
features\images\train\3270.png,Fearful
features\images\train\3271.png,Surprised
features\images\train\3272.png,Fearful
features\images\train\3273.png,Angry
features\images\train\3274.png,Disgust
features\images\train\3275.png,Calm
features\images\train\3276.png,Fearful
features\images\train\3277.png,Happy
features\images\train\3278.png,Surprised
features\images\train\3279.png,Surprised
features\images\train\3280.png,Fearful
features\images\train\3281.png,Surprised
features\images\train\3282.png,Surprised
features\images\train\3283.png,Sad
features\images\train\3284.png,Disgust
features\images\train\3285.png,Calm
features\images\train\3286.png,Angry
features\images\train\3287.png,Calm
features\images\train\3288.png,Fearful
features\images\train\3289.png,Surprised
features\images\train\3290.png,Angry
features\images\train\3291.png,Angry
features\images\train\3292.png,Fearful
features\images\train\3293.png,Happy
features\images\train\3294.png,Calm
features\images\train\3295.png,Sad
features\images\train\3296.png,Sad
features\images\train\3297.png,Calm
features\images\train\3298.png,Happy
features\images\train\3299.png,Disgust
features\images\train\3300.png,Angry
features\images\train\3301.png,Neutral
features\images\train\3302.png,Angry
features\images\train\3303.png,Happy
features\images\train\3304.png,Surprised
features\images\train\3305.png,Surprised
features\images\train\3306.png,Disgust
features\images\train\3307.png,Surprised
features\images\train\3308.png,Fearful
features\images\train\3309.png,Calm
features\images\train\3310.png,Calm
features\images\train\3311.png,Disgust
features\images\train\3312.png,Surprised
features\images\train\3313.png,Sad
features\images\train\3314.png,Disgust
features\images\train\3315.png,Happy
features\images\train\3316.png,Neutral
features\images\train\3317.png,Surprised
features\images\train\3318.png,Angry
features\images\train\3319.png,Calm
features\images\train\3320.png,Angry
features\images\train\3321.png,Angry
features\images\train\3322.png,Disgust
features\images\train\3323.png,Angry
features\images\train\3324.png,Angry
features\images\train\3325.png,Surprised
features\images\train\3326.png,Disgust
features\images\train\3327.png,Surprised
features\images\train\3328.png,Fearful
features\images\train\3329.png,Surprised
features\images\train\3330.png,Fearful
features\images\train\3331.png,Disgust
features\images\train\3332.png,Sad
features\images\train\3333.png,Sad
features\images\train\3334.png,Surprised
features\images\train\3335.png,Surprised
features\images\train\3336.png,Disgust
features\images\train\3337.png,Fearful
features\images\train\3338.png,Angry
features\images\train\3339.png,Sad
features\images\train\3340.png,Disgust
features\images\train\3341.png,Fearful
features\images\train\3342.png,Fearful
features\images\train\3343.png,Happy
features\images\train\3344.png,Disgust
features\images\train\3345.png,Calm
features\images\train\3346.png,Sad
features\images\train\3347.png,Calm
features\images\train\3348.png,Calm
features\images\train\3349.png,Surprised
features\images\train\3350.png,Happy
features\images\train\3351.png,Happy
features\images\train\3352.png,Disgust
features\images\train\3353.png,Sad
features\images\train\3354.png,Sad
features\images\train\3355.png,Sad
features\images\train\3356.png,Fearful
features\images\train\3357.png,Disgust
features\images\train\3358.png,Happy
features\images\train\3359.png,Angry
features\images\train\3360.png,Angry
features\images\train\3361.png,Disgust
features\images\train\3362.png,Fearful
features\images\train\3363.png,Calm
features\images\train\3364.png,Angry
features\images\train\3365.png,Sad
features\images\train\3366.png,Fearful
features\images\train\3367.png,Surprised
features\images\train\3368.png,Disgust
features\images\train\3369.png,Disgust
features\images\train\3370.png,Fearful
features\images\train\3371.png,Calm
features\images\train\3372.png,Angry
features\images\train\3373.png,Surprised
features\images\train\3374.png,Calm
features\images\train\3375.png,Angry
features\images\train\3376.png,Calm
features\images\train\3377.png,Disgust
features\images\train\3378.png,Sad
features\images\train\3379.png,Fearful
features\images\train\3380.png,Fearful
features\images\train\3381.png,Disgust
features\images\train\3382.png,Disgust
features\images\train\3383.png,Surprised
features\images\train\3384.png,Disgust
features\images\train\3385.png,Angry
features\images\train\3386.png,Happy
features\images\train\3387.png,Fearful
features\images\train\3388.png,Sad
features\images\train\3389.png,Calm
features\images\train\3390.png,Happy
features\images\train\3391.png,Disgust
features\images\train\3392.png,Happy
features\images\train\3393.png,Surprised
features\images\train\3394.png,Angry
features\images\train\3395.png,Happy
features\images\train\3396.png,Angry
features\images\train\3397.png,Happy
features\images\train\3398.png,Disgust
features\images\train\3399.png,Angry
features\images\train\3400.png,Calm
features\images\train\3401.png,Sad
features\images\train\3402.png,Surprised
features\images\train\3403.png,Surprised
features\images\train\3404.png,Happy
features\images\train\3405.png,Happy
features\images\train\3406.png,Fearful
features\images\train\3407.png,Calm
features\images\train\3408.png,Sad
features\images\train\3409.png,Disgust
features\images\train\3410.png,Happy
features\images\train\3411.png,Surprised
features\images\train\3412.png,Sad
features\images\train\3413.png,Angry
features\images\train\3414.png,Disgust
features\images\train\3415.png,Surprised
features\images\train\3416.png,Happy
features\images\train\3417.png,Sad
features\images\train\3418.png,Sad
features\images\train\3419.png,Surprised
features\images\train\3420.png,Surprised
features\images\train\3421.png,Surprised
features\images\train\3422.png,Disgust
features\images\train\3423.png,Surprised
features\images\train\3424.png,Disgust
features\images\train\3425.png,Angry
features\images\train\3426.png,Fearful
features\images\train\3427.png,Disgust
features\images\train\3428.png,Surprised
features\images\train\3429.png,Fearful
features\images\train\3430.png,Disgust
features\images\train\3431.png,Calm
features\images\train\3432.png,Fearful
features\images\train\3433.png,Happy
features\images\train\3434.png,Calm
features\images\train\3435.png,Angry
features\images\train\3436.png,Happy
features\images\train\3437.png,Angry
features\images\train\3438.png,Sad
features\images\train\3439.png,Surprised
features\images\train\3440.png,Fearful
features\images\train\3441.png,Disgust
features\images\train\3442.png,Calm
features\images\train\3443.png,Angry
features\images\train\3444.png,Sad
features\images\train\3445.png,Calm
features\images\train\3446.png,Calm
features\images\train\3447.png,Disgust
features\images\train\3448.png,Calm
features\images\train\3449.png,Disgust
features\images\train\3450.png,Neutral
features\images\train\3451.png,Fearful
features\images\train\3452.png,Happy
features\images\train\3453.png,Calm
features\images\train\3454.png,Calm
features\images\train\3455.png,Fearful
features\images\train\3456.png,Sad
features\images\train\3457.png,Sad
features\images\train\3458.png,Sad
features\images\train\3459.png,Disgust
features\images\train\3460.png,Angry
features\images\train\3461.png,Disgust
features\images\train\3462.png,Calm
features\images\train\3463.png,Angry
features\images\train\3464.png,Disgust
features\images\train\3465.png,Sad
features\images\train\3466.png,Surprised
features\images\train\3467.png,Sad
features\images\train\3468.png,Happy
features\images\train\3469.png,Sad
features\images\train\3470.png,Sad
features\images\train\3471.png,Angry
features\images\train\3472.png,Angry
features\images\train\3473.png,Angry
features\images\train\3474.png,Sad
features\images\train\3475.png,Happy
features\images\train\3476.png,Sad
features\images\train\3477.png,Disgust
features\images\train\3478.png,Angry
features\images\train\3479.png,Surprised
features\images\train\3480.png,Happy
features\images\train\3481.png,Calm
features\images\train\3482.png,Sad
features\images\train\3483.png,Surprised
features\images\train\3484.png,Calm
features\images\train\3485.png,Fearful
features\images\train\3486.png,Surprised
features\images\train\3487.png,Surprised
features\images\train\3488.png,Happy
features\images\train\3489.png,Sad
features\images\train\3490.png,Fearful
features\images\train\3491.png,Sad
features\images\train\3492.png,Neutral
features\images\train\3493.png,Angry
features\images\train\3494.png,Angry
features\images\train\3495.png,Calm
features\images\train\3496.png,Happy
features\images\train\3497.png,Neutral
features\images\train\3498.png,Sad
features\images\train\3499.png,Neutral
features\images\train\3500.png,Disgust
features\images\train\3501.png,Calm
features\images\train\3502.png,Calm
features\images\train\3503.png,Angry
features\images\train\3504.png,Angry
features\images\train\3505.png,Happy
features\images\train\3506.png,Calm
features\images\train\3507.png,Calm
features\images\train\3508.png,Happy
features\images\train\3509.png,Sad
features\images\train\3510.png,Fearful
features\images\train\3511.png,Disgust
features\images\train\3512.png,Sad
features\images\train\3513.png,Happy
features\images\train\3514.png,Surprised
features\images\train\3515.png,Angry
features\images\train\3516.png,Fearful
features\images\train\3517.png,Happy
features\images\train\3518.png,Disgust
features\images\train\3519.png,Calm
features\images\train\3520.png,Angry
features\images\train\3521.png,Fearful
features\images\train\3522.png,Angry
features\images\train\3523.png,Angry
features\images\train\3524.png,Calm
features\images\train\3525.png,Disgust
features\images\train\3526.png,Fearful
features\images\train\3527.png,Surprised
features\images\train\3528.png,Calm
features\images\train\3529.png,Angry
features\images\train\3530.png,Disgust
features\images\train\3531.png,Disgust
features\images\train\3532.png,Happy
features\images\train\3533.png,Fearful
features\images\train\3534.png,Fearful
features\images\train\3535.png,Fearful
features\images\train\3536.png,Sad
features\images\train\3537.png,Sad
features\images\train\3538.png,Happy
features\images\train\3539.png,Angry
features\images\train\3540.png,Angry
features\images\train\3541.png,Surprised
features\images\train\3542.png,Fearful
features\images\train\3543.png,Sad
features\images\train\3544.png,Disgust
features\images\train\3545.png,Angry
features\images\train\3546.png,Disgust
features\images\train\3547.png,Disgust
features\images\train\3548.png,Disgust
features\images\train\3549.png,Disgust
features\images\train\3550.png,Calm
features\images\train\3551.png,Surprised
features\images\train\3552.png,Calm
features\images\train\3553.png,Neutral
features\images\train\3554.png,Surprised
features\images\train\3555.png,Sad
features\images\train\3556.png,Angry
features\images\train\3557.png,Happy
features\images\train\3558.png,Neutral
features\images\train\3559.png,Angry
features\images\train\3560.png,Calm
features\images\train\3561.png,Happy
features\images\train\3562.png,Fearful
features\images\train\3563.png,Happy
features\images\train\3564.png,Disgust
features\images\train\3565.png,Calm
features\images\train\3566.png,Happy
features\images\train\3567.png,Disgust
features\images\train\3568.png,Neutral
features\images\train\3569.png,Angry
features\images\train\3570.png,Happy
features\images\train\3571.png,Calm
features\images\train\3572.png,Angry
features\images\train\3573.png,Calm
features\images\train\3574.png,Sad
features\images\train\3575.png,Angry
features\images\train\3576.png,Calm
features\images\train\3577.png,Happy
features\images\train\3578.png,Calm
features\images\train\3579.png,Sad
features\images\train\3580.png,Fearful
features\images\train\3581.png,Happy
features\images\train\3582.png,Calm
features\images\train\3583.png,Neutral
features\images\train\3584.png,Fearful
features\images\train\3585.png,Fearful
features\images\train\3586.png,Fearful
features\images\train\3587.png,Disgust
features\images\train\3588.png,Disgust
features\images\train\3589.png,Sad
features\images\train\3590.png,Surprised
features\images\train\3591.png,Fearful
features\images\train\3592.png,Calm
features\images\train\3593.png,Angry
features\images\train\3594.png,Happy
features\images\train\3595.png,Neutral
features\images\train\3596.png,Sad
features\images\train\3597.png,Angry
features\images\train\3598.png,Fearful
features\images\train\3599.png,Fearful
features\images\train\3600.png,Surprised
features\images\train\3601.png,Angry
features\images\train\3602.png,Disgust
features\images\train\3603.png,Happy
features\images\train\3604.png,Sad
features\images\train\3605.png,Sad
features\images\train\3606.png,Disgust
features\images\train\3607.png,Happy
features\images\train\3608.png,Fearful
features\images\train\3609.png,Happy
features\images\train\3610.png,Fearful
features\images\train\3611.png,Neutral
features\images\train\3612.png,Disgust
features\images\train\3613.png,Fearful
features\images\train\3614.png,Angry
features\images\train\3615.png,Sad
features\images\train\3616.png,Calm
features\images\train\3617.png,Calm
features\images\train\3618.png,Fearful
features\images\train\3619.png,Angry
features\images\train\3620.png,Sad
features\images\train\3621.png,Sad
features\images\train\3622.png,Fearful
features\images\train\3623.png,Happy
features\images\train\3624.png,Fearful
features\images\train\3625.png,Disgust
features\images\train\3626.png,Surprised
features\images\train\3627.png,Happy
features\images\train\3628.png,Happy
features\images\train\3629.png,Fearful
features\images\train\3630.png,Surprised
features\images\train\3631.png,Disgust
features\images\train\3632.png,Calm
features\images\train\3633.png,Fearful
features\images\train\3634.png,Surprised
features\images\train\3635.png,Surprised
features\images\train\3636.png,Neutral
features\images\train\3637.png,Calm
features\images\train\3638.png,Disgust
features\images\train\3639.png,Surprised
features\images\train\3640.png,Neutral
features\images\train\3641.png,Angry
features\images\train\3642.png,Calm
features\images\train\3643.png,Fearful
features\images\train\3644.png,Fearful
features\images\train\3645.png,Sad
features\images\train\3646.png,Disgust
features\images\train\3647.png,Angry
features\images\train\3648.png,Sad
features\images\train\3649.png,Fearful
features\images\train\3650.png,Happy
features\images\train\3651.png,Surprised
features\images\train\3652.png,Calm
features\images\train\3653.png,Calm
features\images\train\3654.png,Happy
features\images\train\3655.png,Disgust
features\images\train\3656.png,Angry
features\images\train\3657.png,Angry
features\images\train\3658.png,Calm
features\images\train\3659.png,Disgust
features\images\train\3660.png,Sad
features\images\train\3661.png,Disgust
features\images\train\3662.png,Calm
features\images\train\3663.png,Angry
features\images\train\3664.png,Calm
features\images\train\3665.png,Surprised
features\images\train\3666.png,Fearful
features\images\train\3667.png,Neutral
features\images\train\3668.png,Calm
features\images\train\3669.png,Neutral
features\images\train\3670.png,Angry
features\images\train\3671.png,Fearful
features\images\train\3672.png,Calm
features\images\train\3673.png,Calm
features\images\train\3674.png,Happy
features\images\train\3675.png,Disgust
features\images\train\3676.png,Calm
features\images\train\3677.png,Sad
features\images\train\3678.png,Disgust
features\images\train\3679.png,Surprised
features\images\train\3680.png,Fearful
features\images\train\3681.png,Surprised
features\images\train\3682.png,Fearful
features\images\train\3683.png,Happy
features\images\train\3684.png,Sad
features\images\train\3685.png,Surprised
features\images\train\3686.png,Sad
features\images\train\3687.png,Disgust
features\images\train\3688.png,Calm
features\images\train\3689.png,Happy
features\images\train\3690.png,Calm
features\images\train\3691.png,Fearful
features\images\train\3692.png,Disgust
features\images\train\3693.png,Surprised
features\images\train\3694.png,Sad
features\images\train\3695.png,Happy
features\images\train\3696.png,Sad
features\images\train\3697.png,Calm
features\images\train\3698.png,Happy
features\images\train\3699.png,Disgust
features\images\train\3700.png,Angry
features\images\train\3701.png,Angry
features\images\train\3702.png,Calm
features\images\train\3703.png,Surprised
features\images\train\3704.png,Happy
features\images\train\3705.png,Surprised
features\images\train\3706.png,Surprised
features\images\train\3707.png,Angry
features\images\train\3708.png,Neutral
features\images\train\3709.png,Surprised
features\images\train\3710.png,Neutral
features\images\train\3711.png,Angry
features\images\train\3712.png,Disgust
features\images\train\3713.png,Neutral
features\images\train\3714.png,Surprised
features\images\train\3715.png,Happy
features\images\train\3716.png,Sad
features\images\train\3717.png,Disgust
features\images\train\3718.png,Fearful
features\images\train\3719.png,Angry
features\images\train\3720.png,Disgust
features\images\train\3721.png,Fearful
features\images\train\3722.png,Disgust
features\images\train\3723.png,Angry
features\images\train\3724.png,Happy
features\images\train\3725.png,Disgust
features\images\train\3726.png,Calm
features\images\train\3727.png,Fearful
features\images\train\3728.png,Surprised
features\images\train\3729.png,Fearful
features\images\train\3730.png,Neutral
features\images\train\3731.png,Happy
features\images\train\3732.png,Neutral
features\images\train\3733.png,Angry
features\images\train\3734.png,Calm
features\images\train\3735.png,Fearful
features\images\train\3736.png,Sad
features\images\train\3737.png,Sad
features\images\train\3738.png,Happy
features\images\train\3739.png,Happy
features\images\train\3740.png,Angry
features\images\train\3741.png,Sad
features\images\train\3742.png,Sad
features\images\train\3743.png,Calm
features\images\train\3744.png,Calm
features\images\train\3745.png,Fearful
features\images\train\3746.png,Surprised
features\images\train\3747.png,Calm
features\images\train\3748.png,Fearful
features\images\train\3749.png,Sad
features\images\train\3750.png,Surprised
features\images\train\3751.png,Surprised
features\images\train\3752.png,Disgust
features\images\train\3753.png,Surprised
features\images\train\3754.png,Calm
features\images\train\3755.png,Angry
features\images\train\3756.png,Sad
features\images\train\3757.png,Calm
features\images\train\3758.png,Fearful
features\images\train\3759.png,Happy
features\images\train\3760.png,Surprised
features\images\train\3761.png,Angry
features\images\train\3762.png,Angry
features\images\train\3763.png,Surprised
features\images\train\3764.png,Calm
features\images\train\3765.png,Sad
features\images\train\3766.png,Surprised
features\images\train\3767.png,Surprised
features\images\train\3768.png,Sad
features\images\train\3769.png,Surprised
features\images\train\3770.png,Disgust
features\images\train\3771.png,Sad
features\images\train\3772.png,Fearful
features\images\train\3773.png,Angry
features\images\train\3774.png,Disgust
features\images\train\3775.png,Disgust
features\images\train\3776.png,Happy
features\images\train\3777.png,Neutral
features\images\train\3778.png,Angry
features\images\train\3779.png,Angry
features\images\train\3780.png,Surprised
features\images\train\3781.png,Disgust
features\images\train\3782.png,Disgust
features\images\train\3783.png,Angry
features\images\train\3784.png,Happy
features\images\train\3785.png,Calm
features\images\train\3786.png,Disgust
features\images\train\3787.png,Disgust
features\images\train\3788.png,Calm
features\images\train\3789.png,Calm
features\images\train\3790.png,Fearful
features\images\train\3791.png,Calm
features\images\train\3792.png,Angry
features\images\train\3793.png,Angry
features\images\train\3794.png,Calm
features\images\train\3795.png,Sad
features\images\train\3796.png,Disgust
features\images\train\3797.png,Surprised
features\images\train\3798.png,Disgust
features\images\train\3799.png,Fearful
features\images\train\3800.png,Happy
features\images\train\3801.png,Surprised
features\images\train\3802.png,Fearful
features\images\train\3803.png,Calm
features\images\train\3804.png,Neutral
features\images\train\3805.png,Happy
features\images\train\3806.png,Neutral
features\images\train\3807.png,Neutral
features\images\train\3808.png,Happy
features\images\train\3809.png,Surprised
features\images\train\3810.png,Angry
features\images\train\3811.png,Sad
features\images\train\3812.png,Happy
features\images\train\3813.png,Sad
features\images\train\3814.png,Disgust
features\images\train\3815.png,Calm
features\images\train\3816.png,Sad
features\images\train\3817.png,Happy
features\images\train\3818.png,Happy
features\images\train\3819.png,Disgust
features\images\train\3820.png,Disgust
features\images\train\3821.png,Disgust
features\images\train\3822.png,Happy
features\images\train\3823.png,Happy
features\images\train\3824.png,Surprised
features\images\train\3825.png,Calm
features\images\train\3826.png,Angry
features\images\train\3827.png,Neutral
features\images\train\3828.png,Disgust
features\images\train\3829.png,Sad
features\images\train\3830.png,Surprised
features\images\train\3831.png,Happy
features\images\train\3832.png,Calm
features\images\train\3833.png,Angry
features\images\train\3834.png,Disgust
features\images\train\3835.png,Sad
features\images\train\3836.png,Fearful
features\images\train\3837.png,Angry
features\images\train\3838.png,Calm
features\images\train\3839.png,Fearful
features\images\train\3840.png,Sad
features\images\train\3841.png,Sad
features\images\train\3842.png,Calm
features\images\train\3843.png,Angry
features\images\train\3844.png,Happy
features\images\train\3845.png,Sad
features\images\train\3846.png,Angry
features\images\train\3847.png,Angry
features\images\train\3848.png,Fearful
features\images\train\3849.png,Happy
features\images\train\3850.png,Happy
features\images\train\3851.png,Angry
features\images\train\3852.png,Disgust
features\images\train\3853.png,Fearful
features\images\train\3854.png,Surprised
features\images\train\3855.png,Fearful
features\images\train\3856.png,Surprised
features\images\train\3857.png,Disgust
features\images\train\3858.png,Surprised
features\images\train\3859.png,Disgust
features\images\train\3860.png,Happy
features\images\train\3861.png,Disgust
features\images\train\3862.png,Fearful
features\images\train\3863.png,Surprised
features\images\train\3864.png,Angry
features\images\train\3865.png,Angry
features\images\train\3866.png,Disgust
features\images\train\3867.png,Happy
features\images\train\3868.png,Angry
features\images\train\3869.png,Disgust
features\images\train\3870.png,Calm
features\images\train\3871.png,Fearful
features\images\train\3872.png,Disgust
features\images\train\3873.png,Surprised
features\images\train\3874.png,Happy
features\images\train\3875.png,Fearful
features\images\train\3876.png,Happy
features\images\train\3877.png,Fearful
features\images\train\3878.png,Sad
features\images\train\3879.png,Neutral
features\images\train\3880.png,Fearful
features\images\train\3881.png,Fearful
features\images\train\3882.png,Angry
features\images\train\3883.png,Surprised
features\images\train\3884.png,Surprised
features\images\train\3885.png,Happy
features\images\train\3886.png,Fearful
features\images\train\3887.png,Calm
features\images\train\3888.png,Sad
features\images\train\3889.png,Fearful
features\images\train\3890.png,Sad
features\images\train\3891.png,Angry
features\images\train\3892.png,Disgust
features\images\train\3893.png,Calm
features\images\train\3894.png,Angry
features\images\train\3895.png,Happy
features\images\train\3896.png,Sad
features\images\train\3897.png,Happy
features\images\train\3898.png,Sad
features\images\train\3899.png,Happy
features\images\train\3900.png,Disgust
features\images\train\3901.png,Fearful
features\images\train\3902.png,Sad
features\images\train\3903.png,Surprised
features\images\train\3904.png,Surprised
features\images\train\3905.png,Calm
features\images\train\3906.png,Disgust
features\images\train\3907.png,Calm
features\images\train\3908.png,Happy
features\images\train\3909.png,Fearful
features\images\train\3910.png,Happy
features\images\train\3911.png,Fearful
features\images\train\3912.png,Calm
features\images\train\3913.png,Sad
features\images\train\3914.png,Happy
features\images\train\3915.png,Fearful
features\images\train\3916.png,Angry
features\images\train\3917.png,Fearful
features\images\train\3918.png,Angry
features\images\train\3919.png,Sad
features\images\train\3920.png,Calm
features\images\train\3921.png,Neutral
features\images\train\3922.png,Surprised
features\images\train\3923.png,Surprised
features\images\train\3924.png,Angry
features\images\train\3925.png,Neutral
features\images\train\3926.png,Disgust
features\images\train\3927.png,Calm
features\images\train\3928.png,Surprised
features\images\train\3929.png,Fearful
features\images\train\3930.png,Angry
features\images\train\3931.png,Sad
features\images\train\3932.png,Fearful
features\images\train\3933.png,Happy
features\images\train\3934.png,Angry
features\images\train\3935.png,Sad
features\images\train\3936.png,Calm
features\images\train\3937.png,Angry
features\images\train\3938.png,Surprised
features\images\train\3939.png,Disgust
features\images\train\3940.png,Sad
features\images\train\3941.png,Angry
features\images\train\3942.png,Angry
features\images\train\3943.png,Neutral
features\images\train\3944.png,Sad
features\images\train\3945.png,Disgust
features\images\train\3946.png,Sad
features\images\train\3947.png,Sad
features\images\train\3948.png,Fearful
features\images\train\3949.png,Calm
features\images\train\3950.png,Calm
features\images\train\3951.png,Fearful
features\images\train\3952.png,Happy
features\images\train\3953.png,Surprised
features\images\train\3954.png,Calm
features\images\train\3955.png,Surprised
features\images\train\3956.png,Surprised
features\images\train\3957.png,Surprised
features\images\train\3958.png,Fearful
features\images\train\3959.png,Calm
features\images\train\3960.png,Neutral
features\images\train\3961.png,Neutral
features\images\train\3962.png,Calm
features\images\train\3963.png,Angry
features\images\train\3964.png,Fearful
features\images\train\3965.png,Angry
features\images\train\3966.png,Neutral
features\images\train\3967.png,Fearful
features\images\train\3968.png,Angry
features\images\train\3969.png,Angry
features\images\train\3970.png,Angry
features\images\train\3971.png,Calm
features\images\train\3972.png,Angry
features\images\train\3973.png,Surprised
features\images\train\3974.png,Fearful
features\images\train\3975.png,Angry
features\images\train\3976.png,Fearful
features\images\train\3977.png,Calm
features\images\train\3978.png,Sad
features\images\train\3979.png,Calm
features\images\train\3980.png,Fearful
features\images\train\3981.png,Fearful
features\images\train\3982.png,Happy
features\images\train\3983.png,Sad
features\images\train\3984.png,Fearful
features\images\train\3985.png,Calm
features\images\train\3986.png,Happy
features\images\train\3987.png,Surprised
features\images\train\3988.png,Calm
features\images\train\3989.png,Sad
features\images\train\3990.png,Happy
features\images\train\3991.png,Fearful
features\images\train\3992.png,Sad
features\images\train\3993.png,Fearful
features\images\train\3994.png,Disgust
features\images\train\3995.png,Surprised
features\images\train\3996.png,Angry
features\images\train\3997.png,Happy
features\images\train\3998.png,Happy
features\images\train\3999.png,Angry
features\images\train\4000.png,Angry
features\images\train\4001.png,Angry
features\images\train\4002.png,Disgust
features\images\train\4003.png,Calm
features\images\train\4004.png,Happy
features\images\train\4005.png,Happy
features\images\train\4006.png,Fearful
features\images\train\4007.png,Angry
features\images\train\4008.png,Calm
features\images\train\4009.png,Angry
features\images\train\4010.png,Surprised
features\images\train\4011.png,Fearful
features\images\train\4012.png,Angry
features\images\train\4013.png,Calm
features\images\train\4014.png,Disgust
features\images\train\4015.png,Sad
features\images\train\4016.png,Fearful
features\images\train\4017.png,Calm
features\images\train\4018.png,Calm
features\images\train\4019.png,Fearful
features\images\train\4020.png,Neutral
features\images\train\4021.png,Happy
features\images\train\4022.png,Disgust
features\images\train\4023.png,Neutral
features\images\train\4024.png,Disgust
features\images\train\4025.png,Surprised
features\images\train\4026.png,Happy
features\images\train\4027.png,Neutral
features\images\train\4028.png,Calm
features\images\train\4029.png,Happy
features\images\train\4030.png,Disgust
features\images\train\4031.png,Disgust
features\images\train\4032.png,Disgust
features\images\train\4033.png,Fearful
features\images\train\4034.png,Fearful
features\images\train\4035.png,Surprised
features\images\train\4036.png,Fearful
features\images\train\4037.png,Angry
features\images\train\4038.png,Sad
features\images\train\4039.png,Disgust
features\images\train\4040.png,Calm
features\images\train\4041.png,Fearful
features\images\train\4042.png,Happy
features\images\train\4043.png,Angry
features\images\train\4044.png,Calm
features\images\train\4045.png,Disgust
features\images\train\4046.png,Sad
features\images\train\4047.png,Calm
features\images\train\4048.png,Sad
features\images\train\4049.png,Calm
features\images\train\4050.png,Disgust
features\images\train\4051.png,Sad
features\images\train\4052.png,Angry
features\images\train\4053.png,Happy
features\images\train\4054.png,Sad
features\images\train\4055.png,Sad
features\images\train\4056.png,Fearful
features\images\train\4057.png,Neutral
features\images\train\4058.png,Happy
features\images\train\4059.png,Angry
features\images\train\4060.png,Fearful
features\images\train\4061.png,Disgust
features\images\train\4062.png,Neutral
features\images\train\4063.png,Sad
features\images\train\4064.png,Calm
features\images\train\4065.png,Sad
features\images\train\4066.png,Angry
features\images\train\4067.png,Disgust
features\images\train\4068.png,Calm
features\images\train\4069.png,Fearful
features\images\train\4070.png,Calm
features\images\train\4071.png,Sad
features\images\train\4072.png,Happy
features\images\train\4073.png,Fearful
features\images\train\4074.png,Disgust
features\images\train\4075.png,Angry
features\images\train\4076.png,Sad
features\images\train\4077.png,Calm
features\images\train\4078.png,Fearful
features\images\train\4079.png,Sad
features\images\train\4080.png,Disgust
features\images\train\4081.png,Disgust
features\images\train\4082.png,Sad
features\images\train\4083.png,Neutral
features\images\train\4084.png,Calm
features\images\train\4085.png,Calm
features\images\train\4086.png,Neutral
features\images\train\4087.png,Fearful
features\images\train\4088.png,Surprised
features\images\train\4089.png,Disgust
features\images\train\4090.png,Sad
features\images\train\4091.png,Happy
features\images\train\4092.png,Calm
features\images\train\4093.png,Happy
features\images\train\4094.png,Calm
features\images\train\4095.png,Calm
features\images\train\4096.png,Neutral
features\images\train\4097.png,Disgust
features\images\train\4098.png,Surprised
features\images\train\4099.png,Sad
features\images\train\4100.png,Surprised
features\images\train\4101.png,Happy
features\images\train\4102.png,Calm
features\images\train\4103.png,Disgust
features\images\train\4104.png,Disgust
features\images\train\4105.png,Fearful
features\images\train\4106.png,Calm
features\images\train\4107.png,Disgust
features\images\train\4108.png,Surprised
features\images\train\4109.png,Sad
features\images\train\4110.png,Angry
features\images\train\4111.png,Fearful
features\images\train\4112.png,Neutral
features\images\train\4113.png,Sad
features\images\train\4114.png,Sad
features\images\train\4115.png,Happy
features\images\train\4116.png,Disgust
features\images\train\4117.png,Fearful
features\images\train\4118.png,Happy
features\images\train\4119.png,Angry
features\images\train\4120.png,Happy
features\images\train\4121.png,Surprised
features\images\train\4122.png,Angry
features\images\train\4123.png,Neutral
features\images\train\4124.png,Calm
features\images\train\4125.png,Sad
features\images\train\4126.png,Disgust
features\images\train\4127.png,Neutral
features\images\train\4128.png,Surprised
features\images\train\4129.png,Sad
features\images\train\4130.png,Calm
features\images\train\4131.png,Happy
features\images\train\4132.png,Calm
features\images\train\4133.png,Sad
features\images\train\4134.png,Surprised
features\images\train\4135.png,Calm
features\images\train\4136.png,Disgust
